"participant_id","srs_1","srs_2","srs_3","srs_4","srs_5","srs_6","srs_7","srs_8","srs_9","srs_10","srs_11","bfas_1","bfas_2","bfas_3","bfas_4","bfas_5","bfas_6","bfas_7","bfas_8","bfas_9","bfas_10","bfas_11","bfas_12","bfas_13","bfas_14","bfas_15","bfas_16","bfas_17","bfas_18","bfas_19","bfas_20","bfas_21","bfas_22","bfas_23","bfas_24","bfas_25","bfas_26","bfas_27","bfas_28","bfas_29","bfas_30","bfas_31","bfas_32","bfas_33","bfas_34","bfas_35","bfas_36","bfas_37","bfas_38","bfas_39","bfas_40","bfas_41","bfas_42","bfas_43","bfas_44","bfas_45","bfas_46","bfas_47","bfas_48","bfas_49","bfas_50","bfas_51","bfas_52","bfas_53","bfas_54","bfas_55","bfas_56","bfas_57","bfas_58","bfas_59","bfas_60","bfas_61","bfas_62","bfas_63","bfas_64","bfas_65","bfas_66","bfas_67","bfas_68","bfas_69","bfas_70","bfas_71","bfas_72","bfas_73","bfas_74","bfas_75","bfas_76","bfas_77","bfas_78","bfas_79","bfas_80","bfas_81","bfas_82","bfas_83","bfas_84","bfas_85","bfas_86","bfas_87","bfas_88","bfas_89","bfas_90","bfas_91","bfas_92","bfas_93","bfas_94","bfas_95","bfas_96","bfas_97","bfas_98","bfas_99","bfas_100","age","gender","race","year","socialclass","usborn"
1135,1,1,1,2,2,2,1,1,2,2,1,2,3,4,2,4,2,3,4,2,4,4,4,4,4,2,2,1,2,2,4,4,4,3,3,4,4,4,2,2,4,2,2,4,4,4,4,2,3,3,5,1,4,4,1,2,4,4,4,4,4,4,2,3,2,2,2,5,2,3,2,2,2,3,2,3,3,2,4,2,4,4,2,3,4,4,4,1,3,4,2,4,2,5,5,1,2,2,3,3,2,3,2,4,4,4,2,2,2,4,4,19,"Female","Asian/Chinese","Freshman",3,1
1111,2,1,1,1,2,2,1,2,2,2,1,4,4,4,2,4,5,2,2,5,4,5,1,4,5,4,1,5,5,5,1,4,3,3,4,4,5,5,5,3,4,4,4,1,5,5,2,1,4,3,4,2,1,4,1,2,5,4,1,1,5,5,5,2,2,3,2,4,5,5,1,4,4,4,5,4,5,4,1,3,2,3,2,2,3,4,1,4,1,2,3,5,5,4,3,2,5,4,2,4,3,4,4,4,4,2,5,4,5,2,4,18,"Female","mixed: white and hispanic","freshman in college",4,2
1165,1,1,2,1,1,1,2,2,1,2,1,3,3,4,4,4,1,4,1,3,4,1,3,1,2,1,5,1,2,4,3,4,3,2,3,4,1,3,4,3,3,1,2,1,4,4,4,1,4,3,3,5,3,4,4,5,1,2,3,3,3,1,3,2,4,3,4,4,3,3,3,1,3,4,2,4,1,1,3,3,2,4,2,4,4,4,4,2,2,3,2,3,3,2,5,2,3,1,4,3,1,2,3,3,4,4,1,3,4,1,3,19,"male","black","freshman",1,1
1074,1,2,2,1,2,2,1,1,2,2,2,3,3,3,2,3,1,5,2,3,4,5,4,4,4,3,5,1,4,2,4,4,4,5,3,4,1,5,4,4,4,2,2,3,4,4,4,1,4,3,5,4,5,4,3,3,3,4,4,4,3,5,2,3,2,2,5,2,4,2,2,4,2,3,2,4,3,1,4,3,3,3,4,1,3,4,4,1,2,4,2,4,1,4,3,4,1,2,4,1,1,2,4,4,5,3,2,3,4,4,4,18,"Female","Latinx","Freshman (1st Year)",2,2
1162,2,1,1,2,2,2,2,2,2,1,2,NA,2,NA,5,3,3,NA,5,3,5,3,4,NA,NA,NA,3,3,NA,4,3,5,3,4,3,3,3,NA,4,NA,NA,3,3,3,NA,4,NA,2,1,NA,2,2,4,NA,5,NA,3,4,NA,NA,1,3,NA,3,1,NA,3,3,NA,NA,3,NA,NA,NA,NA,2,NA,1,3,3,NA,3,NA,2,4,2,3,NA,1,NA,2,2,NA,NA,NA,5,1,3,NA,NA,NA,4,NA,4,4,NA,3,3,4,NA,NA,18,"Female ","Black/Ethiopian ","1st year Underground ",2,1
1160,1,2,1,2,2,2,1,2,2,2,2,4,2,5,3,4,2,4,2,4,4,4,4,4,2,2,3,1,4,2,4,5,4,2,2,4,2,5,5,2,2,2,2,2,4,4,4,1,5,3,4,4,4,4,2,5,2,4,4,2,5,5,2,4,2,4,4,3,3,5,4,4,2,4,2,2,2,1,4,4,4,4,4,2,4,3,4,1,1,2,3,4,2,3,4,4,2,2,3,3,4,4,5,4,4,4,2,4,4,2,4,18,"Female","Asian","first-year",4,1
1113,1,2,2,2,1,2,2,2,2,1,1,1,2,4,4,3,5,4,3,4,5,5,5,4,2,3,2,4,5,4,5,3,5,4,4,4,4,5,5,2,5,3,1,3,4,4,2,1,3,4,4,2,5,4,4,1,5,4,1,2,2,5,1,2,2,2,2,4,5,4,2,4,1,3,2,3,5,4,3,4,4,4,5,3,4,4,2,4,1,4,2,4,2,4,4,3,4,3,5,4,2,4,5,3,5,4,4,2,5,3,4,18,"Male","Chinese","Freshman",4,2
1192,1,2,2,2,2,1,1,2,1,1,1,2,2,4,5,4,3,4,4,5,5,4,5,4,1,1,2,4,4,5,5,3,4,4,1,5,3,4,4,2,5,4,1,3,2,4,2,3,4,4,4,2,5,3,5,1,3,3,2,2,1,5,2,2,1,1,2,2,4,5,1,2,2,4,1,3,4,3,5,5,4,1,5,2,5,4,2,2,2,1,2,2,1,3,5,3,1,2,2,4,1,4,4,4,4,4,3,4,4,1,5,18,"female","asian/hmong","freshman",4,2
1033,1,2,2,1,2,1,1,2,2,2,1,1,2,4,2,4,2,3,2,4,4,4,3,2,4,2,2,2,5,4,2,3,4,2,4,4,4,4,5,3,4,2,2,4,4,2,3,2,5,2,5,2,4,5,2,4,4,4,1,2,4,5,2,2,4,2,2,3,5,4,4,2,2,4,4,4,4,2,1,4,4,2,4,3,4,4,2,2,1,4,2,4,2,4,2,2,4,2,3,4,3,4,3,2,3,4,4,2,5,2,3,19,"Female","white/hispanic","sophomore",2,2
1173,1,2,1,1,2,1,1,2,1,2,2,3,1,3,4,2,1,4,4,4,5,4,5,4,2,3,2,1,4,3,5,3,5,5,2,4,4,5,4,3,5,2,2,5,2,4,4,1,2,3,5,4,5,2,3,1,4,5,4,4,1,5,1,2,2,1,4,5,4,3,2,4,3,1,2,3,4,1,4,4,4,2,5,2,5,4,2,1,3,3,2,2,1,4,5,4,1,4,5,3,1,4,4,5,5,3,4,5,4,3,5,23,"Male","Vietnamese-American","Junior",3,2
1146,2,1,2,2,1,2,1,1,2,1,1,4,2,4,4,2,4,4,2,3,3,5,4,4,5,5,2,1,3,1,3,2,4,5,4,1,4,5,4,4,2,2,1,4,2,3,2,1,1,2,4,1,3,4,3,3,4,4,4,4,3,5,2,3,3,4,4,3,1,2,4,5,3,2,3,1,4,1,4,4,3,3,5,1,4,4,2,2,4,4,4,4,2,5,4,5,4,4,4,4,3,4,4,5,2,1,4,2,2,3,3,18,"Female ","Asian","2025",2,2
1102,1,1,1,1,2,1,2,1,2,2,1,3,1,5,5,5,1,5,1,5,5,1,5,1,1,3,4,3,5,5,1,5,5,1,1,5,1,5,5,2,5,4,1,1,1,5,3,2,4,4,1,2,5,5,5,1,3,1,1,1,3,2,3,4,1,1,4,3,5,5,1,1,1,5,1,3,3,1,1,5,1,1,5,2,4,5,2,3,2,1,3,3,1,1,5,1,4,1,5,3,3,3,5,5,5,5,4,4,3,1,5,18,"female","Hispanic","Freshman in College",3,2
1042,1,2,1,2,2,2,1,2,2,2,2,2,2,2,2,4,4,5,5,2,5,5,3,4,3,5,1,5,4,4,5,2,3,4,2,4,5,4,2,5,2,4,2,5,2,2,1,2,4,1,1,2,4,2,4,5,4,2,3,4,5,5,2,3,2,4,1,4,5,1,4,4,2,4,3,1,3,4,4,1,5,1,5,1,5,2,1,2,1,4,1,4,2,5,4,3,5,1,4,1,1,5,2,4,3,1,5,4,4,4,2,18,"Female","Asian (Chinese)","freshman",3,2
1099,2,2,1,1,1,2,1,1,1,1,2,1,2,3,1,5,4,3,1,4,5,5,4,4,5,4,1,5,5,3,5,1,4,5,5,5,4,4,5,2,2,2,2,4,5,2,4,4,4,3,5,1,4,3,2,2,5,2,1,2,5,4,2,2,3,2,2,2,4,4,5,2,2,4,2,2,5,4,1,4,2,2,4,2,3,4,2,4,1,1,2,5,2,4,3,2,5,5,4,4,1,4,5,4,3,2,4,4,5,3,3,17,"non-binary and gender fluid","indian","freshman",4,2
1090,2,1,1,2,2,2,1,2,2,2,2,1,1,4,4,4,2,4,2,4,5,4,5,2,5,2,3,1,4,5,5,4,4,2,3,4,3,5,4,2,3,3,1,4,3,3,4,1,4,4,5,1,5,5,2,4,5,4,2,2,1,5,1,1,2,4,4,4,4,5,2,4,1,3,3,2,5,2,3,3,5,4,5,2,4,4,3,1,2,2,4,3,3,3,5,2,4,2,3,4,4,3,5,2,4,3,2,2,2,2,5,19,"Female","Chinese","First year",2,1
1195,2,2,1,2,2,2,2,1,1,2,1,1,2,3,2,3,4,4,3,4,4,5,5,5,2,1,1,2,4,1,5,3,4,4,4,2,4,5,4,5,4,4,2,4,4,3,2,1,3,2,5,1,5,3,3,2,5,5,4,4,1,5,1,2,2,3,1,5,5,1,1,5,5,3,4,3,5,1,2,2,3,1,4,1,4,2,2,1,2,2,2,2,1,5,4,4,4,1,2,1,1,2,5,5,5,2,4,3,4,4,4,22,"Female","White hispanic","Technically Junior",2,2
1132,1,2,1,1,2,1,1,1,1,1,2,1,3,2,1,4,3,1,5,4,5,5,5,5,4,3,1,3,3,2,4,2,4,5,5,2,5,5,1,2,2,5,2,5,3,4,3,4,1,2,4,1,4,1,1,2,4,4,3,5,1,5,2,4,3,1,3,4,5,3,3,5,2,2,3,5,4,3,3,4,5,1,4,2,4,4,3,2,4,4,1,5,2,4,4,2,4,4,3,2,1,5,4,4,4,4,3,5,5,5,5,18,"nonbianary i guess idk","Hispanic","Freshman",4,2
1144,1,2,1,1,2,2,1,2,2,2,2,2,2,4,3,4,3,5,2,4,5,4,5,3,4,1,2,3,4,2,5,4,4,2,4,4,2,5,4,3,5,4,2,3,4,4,5,2,4,3,5,5,5,4,3,1,3,4,3,2,2,4,1,2,4,2,5,4,4,4,2,4,2,4,4,4,4,2,2,3,3,3,4,3,4,4,2,2,2,2,4,2,1,4,3,2,2,4,4,2,4,2,3,2,4,2,2,2,4,2,3,19,"Female","African American","1",3,2
1183,2,1,1,2,1,2,2,1,1,2,2,3,2,4,2,4,3,5,4,4,5,3,5,5,1,2,2,2,5,2,2,5,5,2,2,4,3,5,3,3,4,1,4,2,1,4,4,2,5,4,2,5,5,4,5,2,3,5,1,3,5,5,3,2,1,4,5,4,4,3,4,2,2,3,3,2,2,2,4,4,5,2,5,4,5,4,2,3,1,1,5,4,5,2,4,4,4,3,3,4,5,2,5,4,4,3,3,4,4,2,5,19,"female","(central) asian/ afghan","1st year",1,2
1134,2,1,2,1,2,1,1,1,1,1,2,3,2,4,3,3,2,5,2,3,4,3,4,2,2,3,4,2,4,4,3,4,4,3,3,3,2,4,4,3,3,2,2,2,3,2,3,2,4,3,5,3,4,4,4,4,2,4,3,3,4,3,4,1,3,4,4,4,3,3,3,2,2,3,2,3,2,2,3,4,3,3,4,3,4,3,4,2,2,2,4,4,3,2,4,2,2,4,3,3,4,2,3,3,4,4,3,3,3,2,4,18,"male","PuertoRican","freshman",2,1
1065,1,2,1,1,2,1,1,2,2,2,1,4,4,4,3,3,3,3,2,2,3,3,2,3,3,3,4,3,3,3,3,3,3,3,4,3,3,3,3,3,3,3,3,3,4,2,2,4,3,4,4,3,2,3,3,3,3,3,3,3,2,3,3,3,4,4,2,3,2,3,2,4,3,3,4,3,3,3,2,2,4,4,2,3,4,4,4,3,4,3,4,4,4,3,2,3,3,2,3,2,4,2,3,3,4,2,2,4,3,3,3,18,"Male","Somali","1st",1,2
1015,1,2,1,2,2,2,1,2,2,2,1,3,3,3,2,4,3,4,4,2,5,5,4,3,4,3,2,1,4,4,5,2,3,4,4,4,2,5,5,5,1,4,3,3,2,5,2,1,4,2,5,1,4,5,2,4,5,4,2,4,3,5,2,4,3,2,2,4,5,1,4,5,4,4,4,2,4,1,4,2,5,5,3,2,4,2,4,1,2,5,1,5,3,2,2,4,2,1,3,1,1,5,4,5,1,3,4,4,3,5,2,20,"female","black/East African","3rd",1,1
1196,2,2,1,2,2,2,2,1,1,1,2,3,2,4,5,3,3,5,3,4,5,3,4,3,2,3,3,1,4,3,4,4,3,2,2,4,3,3,3,2,4,3,2,3,1,3,3,2,4,4,5,3,4,4,4,2,4,3,4,3,3,4,3,2,3,3,3,4,4,4,3,3,2,3,2,3,5,2,4,4,4,3,4,2,5,4,3,2,3,3,4,1,2,3,4,3,3,3,5,4,4,3,4,3,5,4,3,2,4,3,4,18,"Female","Vietnamese","1st year",3,2
1169,2,2,2,2,2,1,1,1,2,1,2,2,2,4,2,1,4,4,2,2,4,4,3,5,5,3,5,2,4,4,4,2,5,3,1,3,3,3,3,3,5,3,2,4,4,3,2,3,3,3,2,4,5,1,2,2,3,3,4,3,3,3,2,5,3,3,3,2,5,5,5,4,4,4,3,4,4,3,3,3,3,3,2,4,3,3,3,5,2,3,2,1,4,2,2,2,4,2,4,3,4,3,5,3,3,3,3,1,3,3,4,18,"female","black/oromo","2025",2,1
1155,1,2,1,2,1,2,1,2,1,2,2,2,1,4,1,1,1,5,3,4,1,5,5,5,5,3,3,2,4,3,1,1,5,5,4,4,4,5,5,5,5,1,2,4,2,3,4,4,4,5,3,3,5,5,2,2,5,4,3,2,5,5,1,4,2,5,3,5,4,4,5,5,1,1,3,1,4,4,4,5,3,1,4,1,3,1,5,4,2,5,2,4,1,4,2,4,4,5,3,4,1,1,4,4,3,2,5,4,4,1,4,18,"male","Black","freshman 2021 class of 2025",2,2
1147,1,2,1,2,2,2,2,1,1,2,2,2,2,3,2,2,3,4,4,3,5,5,3,4,4,5,2,1,4,3,5,3,4,4,2,4,2,5,2,3,4,3,2,4,4,4,4,1,3,3,4,2,4,3,3,3,3,4,4,3,3,5,2,2,2,1,4,3,3,4,3,3,2,2,2,3,3,1,4,4,5,2,5,2,4,4,3,1,2,4,4,3,2,5,5,4,4,3,2,3,1,4,4,3,4,3,3,3,4,3,3,18,"Man","Asian/Vietnamese","1",3,2
1038,1,2,1,2,2,2,1,2,1,2,2,3,2,4,3,4,2,4,2,4,3,4,4,2,3,3,4,3,4,3,5,4,4,3,4,4,2,4,4,3,4,2,2,4,4,5,3,3,4,2,5,2,4,3,3,2,3,3,2,3,3,5,2,2,3,2,3,3,4,3,2,4,2,3,2,4,4,2,2,3,4,1,4,4,3,4,4,1,2,3,2,4,2,3,4,2,3,2,4,3,1,5,4,3,3,4,3,4,4,3,4,18,"Male","Bi-racial (Asian & African American)","Freshman",3,2
1182,2,2,2,1,1,2,2,1,2,1,1,2,2,4,2,5,1,1,4,5,5,4,5,3,1,1,5,3,4,5,5,5,5,3,5,3,1,5,4,3,5,1,2,2,5,5,5,1,4,4,5,2,4,2,3,1,3,5,3,3,1,5,1,3,1,4,1,5,4,4,1,1,1,1,1,3,3,1,2,3,5,5,4,4,5,4,5,1,4,4,2,5,1,5,5,3,1,2,2,4,2,4,4,5,5,1,1,3,5,3,5,19,"Female","Ethiopian","Freshman",2,2
1126,2,2,1,1,1,2,1,2,2,1,2,5,4,4,4,5,4,4,2,4,5,2,3,3,5,2,1,3,5,2,4,5,4,4,4,5,1,2,5,2,3,1,3,1,4,5,5,1,5,3,1,5,3,5,2,1,1,2,2,1,4,1,4,2,4,2,5,5,4,4,5,2,2,4,4,5,1,2,2,4,1,5,3,2,3,5,1,1,1,2,3,1,1,3,3,1,5,2,4,4,5,1,4,4,4,4,3,5,3,2,4,17,"Male","Biracial - Black and White","Freshman",1,2
1184,1,1,2,2,2,2,2,2,2,1,1,4,3,4,4,3,2,4,2,4,4,3,4,4,4,3,2,2,4,4,4,5,4,3,4,3,2,4,4,2,4,1,2,2,4,4,4,2,4,4,5,4,4,4,2,2,2,4,2,2,5,4,1,2,2,2,4,4,3,4,2,1,2,4,2,4,2,2,4,4,4,4,4,2,4,4,1,1,1,2,2,2,3,2,4,3,1,1,4,4,2,2,4,3,5,4,2,4,4,3,4,21,"Female","Asian, Caucasian ","Junior (3rd year)",3,2
1096,2,2,1,1,2,2,1,1,2,2,1,1,1,4,4,4,2,3,2,4,3,5,5,5,1,2,4,1,4,4,5,4,4,5,2,4,2,5,4,2,3,2,1,4,2,3,3,1,1,3,4,1,5,4,4,3,3,5,1,2,1,5,2,4,2,2,4,5,2,4,2,4,4,2,2,3,2,1,2,3,5,3,5,2,4,4,1,1,2,4,1,5,1,3,4,4,2,1,3,4,1,4,4,5,5,4,1,2,3,4,4,25,"Female","African American","3rd",2,2
1071,1,2,1,2,2,1,2,2,2,1,1,1,3,4,5,3,1,5,1,3,5,5,5,5,3,1,2,1,4,5,5,2,5,4,4,3,2,4,3,1,4,1,2,5,2,5,3,2,2,5,5,1,5,4,5,1,3,5,4,2,5,4,1,1,2,1,1,3,4,2,1,1,1,5,1,5,4,1,1,3,5,3,4,1,5,4,3,1,1,3,2,4,1,3,5,1,1,1,3,4,4,2,4,3,5,3,1,3,5,1,5,19,"Female","asian","freshman",3,1
1064,2,1,2,2,1,1,2,1,2,2,1,2,3,4,4,3,3,4,3,4,4,4,4,3,4,2,2,3,4,4,3,4,4,3,4,4,4,4,4,2,4,3,2,3,4,4,4,2,5,3,4,1,4,3,3,2,3,4,2,3,4,5,2,2,NA,4,4,4,4,3,4,3,2,4,2,4,4,2,3,4,4,2,4,2,3,4,2,2,1,3,2,4,2,4,4,2,3,2,3,3,2,4,4,4,3,4,3,4,3,3,3,17,"female","vietnamese/asian","1",1,1
1107,1,1,1,2,1,2,1,1,2,1,1,3,2,4,4,4,1,4,3,4,4,2,4,4,4,2,4,4,4,4,3,4,3,2,4,4,1,5,3,2,5,2,4,2,5,4,5,4,4,4,4,4,4,4,4,3,2,2,3,2,3,2,4,4,3,5,5,4,2,4,4,1,3,4,3,1,1,3,4,4,2,4,4,4,3,4,4,2,3,5,4,1,2,4,4,1,1,4,4,3,4,3,3,4,4,4,2,5,3,2,1,18,"Male","asian","first year (freshman)",4,2
1057,1,2,1,2,2,2,1,2,2,2,1,1,1,4,3,4,2,4,2,4,5,4,5,2,1,2,3,2,3,4,4,4,5,1,4,4,2,4,4,4,5,4,2,3,1,4,4,1,4,4,5,2,5,4,4,1,3,4,2,2,2,5,2,2,1,4,3,3,4,5,1,4,1,4,1,3,4,2,4,5,5,2,5,1,5,4,3,1,2,2,2,4,1,4,5,3,2,2,4,3,2,2,5,2,5,4,2,4,4,2,5,19,"Male","Asian (Vietnamese)","Freshnan",4,2
1014,1,2,1,2,2,2,1,2,2,2,2,4,2,4,2,4,3,4,2,4,5,4,5,2,4,2,2,3,5,5,5,4,4,2,4,5,4,5,5,2,5,2,1,4,4,5,4,2,5,4,5,4,5,4,2,1,2,4,2,2,4,5,2,2,3,2,4,4,5,4,1,2,2,4,1,4,2,2,2,4,4,2,4,2,5,4,2,1,2,3,1,4,1,2,4,2,4,1,4,3,1,3,4,2,5,4,4,4,5,2,5,31,"Female","Vietnamese","Senior",2,2
1056,2,1,2,1,1,1,2,1,2,1,1,1,2,4,5,3,1,4,2,4,4,3,5,1,2,2,1,2,5,5,4,4,4,3,3,4,4,2,4,2,5,2,2,2,3,4,3,1,5,5,5,2,5,4,5,2,2,3,2,2,2,5,2,4,2,2,2,2,4,4,4,2,2,4,1,4,4,2,2,4,5,5,4,3,5,4,2,2,2,2,2,4,1,2,5,4,4,3,4,4,2,2,4,4,5,4,3,2,4,1,4,19,"woman","african american/ south sudanese","1st year",2,2
1166,1,2,1,2,2,2,1,2,2,2,2,2,2,2,2,5,4,4,4,2,5,5,5,5,3,2,2,3,3,4,5,3,3,4,4,3,4,5,2,4,5,4,2,4,3,5,2,2,1,2,5,3,5,2,4,1,5,2,2,4,2,5,2,3,2,2,2,4,5,2,2,4,4,2,1,4,5,3,4,2,5,1,4,2,5,4,2,1,4,4,1,5,1,5,4,2,4,1,4,2,1,4,5,5,4,2,4,3,3,2,5,18,"Female","Asian, Vietnamese","Freshman",2,2
1094,2,1,2,1,2,2,2,1,2,1,1,3,2,5,4,3,3,3,1,4,5,5,5,4,3,2,2,2,3,5,5,3,5,4,4,3,3,5,5,3,5,4,1,4,4,4,4,2,5,2,4,1,5,4,5,2,4,4,1,3,2,5,2,3,1,4,3,5,4,3,2,3,3,5,1,3,4,1,2,3,5,2,4,3,5,5,3,1,4,3,3,3,1,4,5,5,3,2,3,4,2,4,5,3,5,4,4,3,3,2,5,18,"Female","Asian/Vietnamese","Freshman",2,2
1054,2,2,1,1,1,2,1,1,2,1,1,1,3,4,1,4,4,4,2,4,4,4,1,5,4,4,1,4,3,4,3,4,4,3,3,4,4,4,4,1,3,3,2,4,3,5,5,2,5,2,4,1,4,5,1,4,4,3,3,4,3,2,3,4,1,3,2,3,5,5,3,4,2,2,4,4,4,5,5,2,5,3,2,2,3,4,3,3,2,5,3,3,2,3,3,4,2,2,4,4,3,3,3,2,1,3,4,4,4,1,4,21,"MALE","African american- African ","Sophomore",2,1
1009,2,2,1,1,1,1,1,2,1,2,1,2,5,4,4,5,3,5,1,3,4,5,5,1,5,2,3,3,5,3,4,2,4,3,2,3,4,5,5,3,5,4,3,1,5,3,2,1,5,5,5,2,5,4,4,5,4,5,1,3,3,5,3,1,3,4,4,2,5,4,2,4,2,2,3,3,4,1,2,3,5,2,2,3,4,3,2,1,1,4,2,4,2,4,2,4,2,4,3,2,4,3,2,4,4,5,3,2,5,3,5,21,"Female","Asian/Filipino","Junior",3,2
1174,2,1,1,2,2,2,1,1,1,1,2,4,2,3,3,2,1,3,2,3,2,5,3,2,3,2,1,3,3,2,3,2,3,5,2,2,2,5,2,2,3,3,2,3,4,4,NA,2,2,1,3,2,3,2,2,3,2,2,3,3,5,1,2,3,3,3,3,3,1,4,3,4,3,4,3,3,2,3,2,2,3,2,3,4,3,3,4,1,3,NA,3,3,2,3,2,3,4,4,3,3,3,1,NA,3,3,3,3,2,2,2,2,18,"Male ","Hispanic ","Freshman",1,1
1119,1,1,1,1,2,1,2,1,1,2,1,2,2,2,1,4,5,2,4,1,4,5,4,4,5,5,2,2,3,2,4,2,5,4,4,3,5,5,1,5,2,2,2,4,4,5,1,4,2,2,4,5,2,2,1,5,5,5,2,4,2,4,4,4,3,5,2,2,2,1,2,4,2,2,5,1,4,4,1,5,4,1,1,1,2,4,1,4,1,4,1,5,2,4,3,4,5,4,3,2,5,4,1,4,2,1,4,1,3,5,4,18,"Female","Hispanic","Freshman",1,2
1010,1,2,1,2,2,1,1,2,1,2,1,3,1,5,5,5,1,3,5,5,4,4,5,5,2,1,2,3,4,3,4,4,5,1,2,4,3,3,2,1,4,3,1,3,2,4,3,2,3,4,4,3,5,5,3,1,4,1,3,1,2,4,2,2,1,2,3,2,1,5,2,2,3,4,1,1,4,4,5,5,3,4,5,4,5,4,3,3,3,3,2,1,2,2,4,4,3,4,3,5,4,3,5,4,5,5,4,1,2,1,5,20,"Male","Hispanic","Senior",4,2
1117,1,2,1,1,2,2,2,2,1,2,1,2,2,2,4,4,2,3,4,4,4,4,5,4,1,3,4,2,3,4,4,4,4,4,2,4,2,2,4,2,3,4,2,4,4,1,4,2,4,4,4,2,4,1,4,4,3,2,4,3,2,4,2,2,1,3,3,2,3,3,3,4,1,2,1,4,3,2,4,4,3,4,4,2,4,3,4,2,3,1,3,4,2,4,4,4,2,2,2,4,2,2,4,4,4,3,2,3,4,4,4,18,"Female ","African American ","Freshmen ",3,1
1154,1,2,1,2,2,2,1,2,2,2,2,3,2,4,3,4,2,4,2,2,4,3,4,2,3,3,4,2,4,2,2,4,5,4,2,4,2,5,4,2,3,3,2,2,3,4,4,2,4,4,3,4,4,5,4,3,3,4,3,4,5,4,2,3,2,4,4,4,4,3,4,2,2,2,2,2,2,2,3,4,4,3,4,1,4,4,2,2,2,5,2,5,2,5,4,2,3,2,4,3,2,4,4,4,4,3,2,3,4,4,4,19,"female","asian/Chinese","freshmen",4,1
1123,1,1,2,1,2,1,2,1,2,1,2,2,2,4,2,4,3,5,3,4,4,2,4,3,2,2,2,1,4,3,4,4,4,4,3,4,3,4,4,3,4,2,4,2,2,4,4,1,4,4,5,4,4,4,2,3,4,4,4,4,2,4,2,2,2,4,4,4,4,3,4,2,2,3,2,4,4,1,4,4,4,2,4,2,5,4,3,2,2,3,4,4,1,3,4,4,4,2,2,2,3,4,5,4,4,4,4,2,3,4,4,18,"Female","Vietnamese","Freshman",3,2
1112,2,1,2,2,2,2,1,1,2,2,1,2,2,4,3,3,1,3,2,4,5,3,5,2,2,4,2,2,4,3,3,4,4,3,3,2,3,4,3,2,3,2,2,3,3,3,4,2,4,3,3,3,4,5,4,4,4,4,1,3,2,4,2,2,2,4,3,4,5,4,3,2,2,2,2,4,4,3,1,3,3,1,5,1,4,3,3,2,2,2,2,4,1,4,3,4,3,3,4,3,2,3,4,4,5,4,4,1,5,2,4,18,"Female","Oromo","Freshman",2,2
1093,2,1,2,1,2,1,2,1,1,1,2,4,1,5,2,3,2,4,2,4,5,5,5,4,4,3,2,2,5,2,4,2,5,2,3,5,3,3,4,1,5,2,1,2,3,5,5,2,4,5,3,1,5,5,3,2,2,3,2,2,4,5,2,2,3,1,4,2,5,4,4,4,2,4,4,4,3,1,4,4,5,2,5,2,3,3,2,2,2,2,3,4,2,2,2,4,3,3,5,4,4,3,5,3,2,5,3,3,5,2,5,19,"Female","Latino","Freshman",3,2
1051,1,2,1,2,2,1,2,1,1,1,1,4,3,4,2,4,2,4,2,3,3,3,3,3,4,3,4,2,4,3,3,4,4,3,4,4,2,4,4,4,4,2,3,2,3,4,4,2,4,2,3,4,3,4,2,2,2,4,3,3,3,4,3,2,4,3,4,2,4,3,4,2,3,4,3,4,2,2,2,2,4,4,4,3,4,4,4,1,2,4,2,3,3,3,4,4,2,2,4,3,2,4,4,3,4,4,2,2,4,3,3,19,"Female","Chinese","Sophmore",3,1
1172,1,1,1,1,2,1,2,2,1,1,1,2,2,4,4,3,2,4,2,4,4,3,4,2,3,2,4,2,4,4,4,4,4,2,2,4,2,4,4,2,4,2,2,2,4,4,4,2,4,4,4,4,4,4,4,2,2,4,4,2,2,4,2,2,2,2,4,4,4,4,4,2,2,4,2,4,2,2,4,4,4,4,4,4,4,4,4,2,2,2,2,3,2,2,4,4,2,2,4,3,4,2,4,2,5,4,2,3,4,3,4,18,"Female","Asian","Freshman",3,2
1062,1,2,1,1,2,1,1,2,1,2,1,4,4,4,3,4,1,4,2,4,4,1,4,4,2,2,5,3,3,3,3,4,3,3,3,5,1,4,4,3,2,1,4,2,4,4,5,3,4,2,2,4,5,5,3,3,2,3,4,3,5,2,3,1,3,3,5,5,3,4,2,1,3,4,2,3,2,1,5,3,2,5,2,4,4,3,5,1,3,4,4,1,4,3,3,3,1,2,4,3,4,2,4,1,2,5,1,4,3,3,3,19,"male","Black / African","second year",4,2
1124,1,2,1,2,2,2,1,2,1,2,2,1,2,4,1,3,3,5,2,2,3,4,4,5,2,3,1,4,5,5,4,2,4,4,3,3,4,4,4,4,4,3,2,4,1,2,2,2,5,3,4,1,5,4,3,3,4,4,2,4,1,4,2,4,4,4,1,2,4,1,2,4,1,2,3,4,5,1,1,3,5,2,4,2,4,3,1,1,2,4,1,4,1,4,3,2,5,1,5,2,2,4,4,4,2,2,5,3,2,2,3,18,"Male","Asian and White","Freshman",2,2
1100,2,1,1,1,2,2,1,2,2,2,2,3,2,4,2,4,2,4,4,4,4,4,2,4,2,2,2,3,4,3,4,4,4,4,2,4,2,4,2,3,5,3,2,2,4,4,4,3,4,2,4,4,4,4,2,1,2,2,2,4,2,5,2,2,2,1,2,2,4,4,2,1,2,4,2,4,2,2,3,4,4,2,4,2,2,2,2,1,3,4,2,2,2,4,4,4,2,2,4,2,2,2,4,4,4,4,2,4,5,3,4,18,"female","Asian and Hispanic","first year",3,2
1016,1,2,1,2,2,2,1,2,2,2,2,2,2,2,3,2,1,3,5,2,5,4,4,5,2,1,2,4,2,4,5,3,3,4,4,4,4,4,2,4,2,4,2,4,2,5,4,1,2,2,4,2,4,3,2,2,2,4,5,2,2,2,2,2,2,2,4,2,1,4,2,1,3,2,2,5,3,2,5,2,4,5,4,2,2,1,2,1,4,4,1,4,2,5,3,5,4,1,3,2,1,2,3,2,4,4,2,4,1,2,5,20,"Male","Mexican","Senior",4,2
1098,1,2,1,2,2,2,1,2,2,2,1,4,2,4,4,5,1,3,2,4,2,3,4,2,3,2,5,1,4,4,4,5,4,3,2,4,1,4,3,2,4,1,2,2,4,5,4,2,3,3,1,5,4,3,2,2,1,4,2,2,4,3,2,2,4,1,5,4,5,4,2,2,3,4,2,3,1,1,2,4,4,5,3,4,3,4,5,1,3,2,4,3,2,2,4,4,1,2,3,3,3,2,4,5,5,4,1,3,4,3,3,19,"Male","Asian/American","Freshman",3,2
1167,1,1,1,1,2,1,1,1,1,1,1,3,2,4,2,4,2,4,3,2,4,2,4,2,4,4,4,2,4,3,5,4,4,2,3,4,2,4,4,3,4,2,2,2,5,4,4,2,4,3,4,3,4,3,2,2,2,4,2,5,1,3,2,3,3,4,3,2,4,3,4,3,2,3,3,4,2,2,4,4,4,2,4,4,4,4,3,2,2,3,4,4,2,3,4,2,2,2,4,3,5,3,5,3,4,4,3,4,4,4,2,18,"female","Kenyan","freshman",2,2
1007,1,2,1,2,2,2,1,2,2,2,2,1,2,2,3,3,2,1,5,3,5,5,5,4,4,1,1,4,3,3,5,3,2,3,4,4,3,4,2,2,5,4,3,5,2,5,2,2,3,3,4,1,5,2,4,1,4,4,5,4,1,5,3,2,2,3,3,4,4,4,2,3,1,1,2,4,4,3,4,4,4,1,5,1,2,2,3,1,4,2,1,5,1,4,2,5,3,3,1,4,1,5,5,4,4,2,3,2,4,5,2,20,"Femme, gender non-conforming, woman still feels comfortable though (I am going through different labels right now)","Black/African American/Eritrean American","Going into 4th year of college",3,2
1158,1,2,1,1,2,2,1,2,2,2,1,3,3,3,3,3,4,4,4,3,3,4,3,4,2,2,1,2,4,4,4,4,4,4,2,4,4,4,3,3,4,4,2,4,1,3,3,2,3,2,4,4,4,3,4,5,5,3,2,3,5,4,2,3,3,4,3,3,4,3,4,4,2,4,2,4,4,2,2,4,4,3,4,3,4,4,2,3,2,2,1,4,2,3,4,3,5,2,4,3,2,4,3,5,5,4,4,3,4,1,3,18,"female","biracial (white and Asian)","freshman",4,2
1159,1,2,1,1,2,1,1,2,2,1,1,2,2,4,2,4,2,2,4,4,5,4,4,4,2,1,2,4,4,4,5,4,4,4,2,2,2,4,3,1,4,4,2,4,4,2,4,2,4,4,4,2,4,4,2,1,4,2,4,4,1,4,2,4,2,2,4,2,5,4,2,4,2,4,2,5,4,1,4,4,4,4,5,3,4,2,4,1,4,4,2,4,2,2,4,4,4,2,4,5,2,2,4,4,4,4,2,3,4,2,4,19,"Female","Caucasian from Middle East ","Freshman",3,2
1141,2,1,1,2,2,2,1,2,2,2,1,3,2,5,4,5,2,5,2,5,5,4,5,3,1,1,5,4,5,4,5,4,5,3,5,5,1,4,3,1,5,1,1,4,4,5,4,1,4,4,5,2,5,5,4,1,2,4,3,1,4,4,1,1,2,2,4,5,4,5,4,1,2,5,1,2,2,1,4,4,4,4,5,4,4,5,5,1,2,4,3,4,1,3,4,2,2,5,5,4,3,5,5,3,3,4,1,2,4,2,5,18,"male","Asian - hmong","freshmen ",2,1
1121,2,1,2,2,2,2,1,2,1,1,1,4,2,2,3,1,1,3,5,3,5,4,5,3,5,3,1,1,3,1,5,3,4,5,3,1,4,4,5,1,3,5,4,3,1,1,3,1,1,1,5,1,4,1,4,1,3,5,3,3,5,5,5,3,2,2,3,1,5,4,5,1,1,1,3,1,2,1,2,1,1,1,1,1,3,3,3,1,1,5,4,4,3,5,2,4,5,1,4,4,5,3,5,NA,3,3,1,2,3,4,3,18,"female","Somali","1st year",1,2
1191,2,1,1,1,1,1,2,2,1,1,1,3,1,4,3,3,1,3,5,1,5,5,5,3,5,3,1,1,5,5,5,3,5,1,4,3,3,3,4,1,5,1,2,3,5,3,3,1,3,4,5,1,5,3,4,3,2,1,2,3,1,5,1,1,5,1,2,1,4,2,5,3,1,5,3,4,3,3,2,3,4,1,5,5,3,4,1,1,1,2,5,5,1,3,5,3,2,1,3,5,5,5,5,3,5,4,2,2,3,4,5,18,"Female","Asian (Filipino-American)","Freshman",3,2
1043,1,2,1,2,1,2,1,1,2,1,1,3,2,4,4,4,3,2,3,3,4,4,4,2,3,4,2,1,2,3,4,3,3,3,4,2,5,5,2,3,5,3,4,2,4,4,2,2,3,3,4,2,4,2,2,2,4,4,5,2,2,5,2,4,3,5,3,2,4,3,4,4,3,3,3,3,5,2,3,4,5,5,4,3,5,3,1,3,2,4,3,2,1,3,4,2,4,3,4,4,4,4,4,5,4,3,4,4,4,4,4,18,"she/her","black","freshman",3,2
1061,2,2,1,1,2,1,2,1,1,1,2,2,2,5,4,4,2,4,4,4,4,5,4,5,3,2,4,1,4,2,2,4,4,2,2,4,2,4,3,5,4,2,4,2,4,4,4,2,4,2,4,4,4,4,5,4,2,4,1,3,1,2,4,3,2,3,4,3,2,4,2,4,2,2,2,2,2,2,2,4,4,2,4,4,4,4,4,2,2,2,4,4,2,4,4,4,1,1,4,3,5,1,3,3,4,4,2,4,4,4,4,19,"male","Dominican","2024",5,2
1109,1,2,1,1,2,2,1,2,2,2,2,2,2,4,4,4,4,5,2,4,5,4,5,4,4,3,2,2,4,5,5,3,5,2,4,4,3,4,4,2,3,3,2,3,4,4,3,2,4,3,5,4,5,5,4,3,4,4,2,3,2,5,1,2,4,4,4,4,4,4,2,2,2,4,1,4,4,2,2,3,5,4,5,3,4,3,3,1,2,1,2,3,2,3,5,3,4,2,5,3,2,3,4,2,5,2,3,1,5,2,5,18,"Female","Indian","First year",3,2
1077,1,2,1,2,2,2,1,2,2,2,1,2,2,1,3,3,3,4,1,4,5,5,4,2,3,3,2,3,4,4,4,3,5,3,3,2,3,5,4,1,3,3,1,4,2,3,3,1,4,4,3,1,5,3,2,2,3,5,3,3,1,5,1,3,3,2,2,3,3,4,4,3,1,2,2,4,4,1,3,4,3,1,4,2,5,2,2,1,2,4,2,4,1,4,3,3,3,1,3,4,2,4,4,4,3,2,4,2,2,1,4,18,"woman","Asian American","Freshman",4,1
1168,1,1,1,2,1,1,2,1,2,2,1,4,1,3,1,2,2,5,1,4,4,5,5,5,3,3,4,2,4,4,4,4,4,4,4,3,2,3,4,3,5,3,2,3,4,3,2,3,4,3,5,2,5,4,2,3,4,4,2,4,3,5,3,4,2,2,4,4,3,3,5,4,1,2,3,2,5,4,4,4,3,3,5,3,4,3,3,1,1,4,4,2,1,2,4,5,3,3,4,2,4,3,4,5,5,5,2,4,4,4,5,18,"women","Asian","freshman",3,2
1199,1,2,2,1,2,1,1,1,2,1,1,3,3,3,3,3,2,4,3,3,4,3,5,4,2,3,4,3,4,2,4,3,3,2,4,3,3,5,4,3,4,2,2,3,3,2,4,1,4,3,1,3,4,4,4,3,2,3,4,1,3,4,2,3,2,3,4,5,4,3,3,3,2,3,3,3,2,1,5,3,3,2,4,2,4,3,2,2,3,4,3,1,2,4,3,4,3,3,4,3,3,4,4,3,3,3,3,3,3,3,4,19,"Female ","Black/Somali ","Freshman ",3,1
1080,1,1,2,1,1,2,1,2,1,1,1,3,2,5,1,4,2,4,4,5,5,5,4,4,5,2,2,4,5,2,5,4,3,2,5,1,2,5,4,4,5,4,1,4,2,5,5,3,4,1,3,4,5,2,4,3,2,5,1,2,4,5,4,1,4,4,5,5,5,4,3,3,2,1,4,1,2,2,1,5,4,1,2,2,5,5,2,1,2,5,5,5,1,1,2,5,3,4,4,5,5,5,4,4,4,2,4,4,4,5,5,20,"female","Black, African ","3rd year",2,1
1026,1,2,1,1,2,2,1,2,1,1,2,4,3,3,4,3,3,3,2,4,4,2,4,3,3,3,2,2,4,4,4,4,4,4,2,2,4,3,3,2,4,2,2,3,3,4,3,2,4,3,2,4,4,3,3,3,2,3,2,3,2,4,2,2,2,2,3,4,4,3,3,2,2,3,2,3,2,2,3,3,4,3,4,2,4,3,2,2,2,2,2,4,2,3,4,4,4,3,4,3,2,2,4,3,4,4,3,2,4,2,4,21,"female","Black","Senior",2,2
1116,1,1,2,2,1,1,1,2,2,1,1,3,1,4,5,4,2,5,3,4,4,4,4,3,1,3,3,2,4,4,4,3,5,4,2,4,3,4,4,1,4,3,1,2,2,4,4,2,5,4,5,2,5,4,5,4,2,2,3,2,3,4,3,2,3,3,4,4,4,5,3,1,1,3,2,3,3,2,2,5,4,3,5,2,3,4,3,2,1,5,3,2,1,4,5,3,3,4,5,4,2,3,5,4,5,3,3,4,5,2,3,18,"Female","Vietnamese","Freshman",3,2
1190,1,1,1,1,1,1,2,1,2,2,1,4,3,5,4,5,2,4,1,4,5,3,5,3,2,3,3,3,4,5,5,5,4,2,3,2,2,4,5,2,4,2,3,2,4,3,5,1,3,4,5,4,5,4,5,1,4,3,2,3,1,3,2,3,3,3,4,2,5,5,3,3,1,4,2,3,3,3,3,4,5,4,5,3,3,4,4,3,2,1,3,3,2,3,4,3,2,4,3,4,3,2,5,4,5,3,2,3,5,2,5,18,"Cis Woman","Afro-hispanic","freshman",2,2
1131,1,2,2,2,2,1,1,1,1,2,2,3,2,2,1,1,4,5,5,2,5,5,5,5,5,4,2,1,1,4,3,5,5,5,5,4,4,5,3,3,1,1,3,3,5,1,3,1,1,1,1,1,5,2,2,5,4,5,4,3,5,5,3,5,4,5,3,5,1,3,1,5,3,2,2,1,5,1,3,2,2,1,4,2,2,3,2,1,1,5,5,5,2,5,1,5,4,1,3,1,2,4,5,5,2,3,2,1,1,2,4,22,"Female","Black/African","3rd ",1,1
1088,1,2,1,2,2,2,1,2,2,1,2,2,3,4,2,4,4,4,5,2,3,4,3,4,4,3,1,4,3,2,4,3,5,3,4,4,2,4,2,4,2,3,2,4,5,4,4,2,3,3,4,2,4,3,2,3,3,4,3,3,5,5,2,2,3,2,4,4,3,3,2,4,2,4,4,4,3,2,4,4,3,2,4,2,4,4,2,2,3,2,4,3,3,2,3,3,3,2,4,3,4,3,5,3,3,4,3,5,3,4,3,18,"female","Asian","first year",4,2
1139,1,1,1,1,2,2,1,2,1,1,2,2,1,4,3,5,4,4,1,3,5,5,5,3,2,3,2,4,3,3,4,3,3,2,4,5,4,5,5,2,4,3,1,4,3,4,3,2,5,3,5,2,5,3,3,1,5,5,1,5,5,5,1,3,1,4,4,4,5,3,1,3,1,5,1,3,5,4,1,4,5,3,5,2,5,5,2,3,1,5,1,4,1,3,5,2,4,1,3,2,1,2,5,5,5,2,4,3,5,4,5,18,"female","mexican","freshman",4,2
1185,2,2,1,1,2,1,1,1,2,1,1,3,2,4,4,5,1,5,4,4,4,4,5,3,2,2,4,4,5,1,3,3,4,1,2,5,2,5,5,3,5,2,2,3,2,5,5,5,3,4,5,1,4,4,5,4,3,2,1,1,4,4,1,2,2,2,5,5,5,5,2,2,2,3,2,4,2,2,1,5,4,2,5,3,5,5,5,1,1,2,2,1,1,2,5,1,1,2,5,4,4,4,5,2,5,4,2,4,5,2,5,19,"Female","Hispanic/Latina: Bolivian","Freshman",3,1
1175,1,2,2,2,2,1,2,2,1,1,2,1,2,4,4,3,2,4,2,3,5,5,4,4,2,4,3,1,3,2,5,4,4,4,4,4,2,4,4,2,4,2,2,2,4,4,4,2,2,4,2,1,5,2,4,1,3,2,4,2,2,5,1,3,2,2,4,4,5,4,1,4,2,2,2,2,3,2,4,4,4,1,4,1,4,3,4,2,2,2,2,5,2,2,4,4,4,2,4,4,4,4,4,4,5,2,2,2,4,4,5,18,"Femal she/her","Black Somali","first year",2,2
1089,1,2,1,2,2,2,1,2,2,2,2,2,2,4,2,4,2,3,4,3,5,4,4,4,4,2,4,1,4,2,4,2,4,5,4,4,2,4,2,4,4,2,2,3,4,4,4,1,4,1,5,2,4,4,2,1,2,4,2,3,2,4,2,4,3,2,4,4,4,2,4,1,2,3,4,4,2,3,2,2,4,4,4,2,2,4,4,1,2,2,1,2,3,5,3,2,2,3,4,3,1,2,4,4,3,4,2,3,5,4,4,18,"Female","Korean","First Year",4,1
1060,1,2,1,2,2,2,1,2,2,2,2,4,4,4,4,4,2,4,4,4,4,4,3,2,4,2,4,4,3,4,3,4,4,2,3,4,3,4,2,3,3,2,4,3,4,4,3,2,4,4,4,4,4,4,4,2,2,4,4,3,4,4,4,4,2,2,4,4,4,4,4,2,3,4,3,4,2,2,4,4,3,4,4,4,2,4,3,3,2,4,3,3,4,3,3,4,2,3,4,4,5,4,3,4,4,4,4,4,3,2,2,19,"Male","Black","Freshman",3,2
1176,1,2,1,1,2,2,1,2,2,2,2,4,2,4,4,4,1,4,2,4,4,2,4,3,2,3,1,4,4,4,4,5,4,4,2,4,1,4,4,2,2,1,2,2,4,4,5,2,2,3,4,5,4,4,4,2,1,2,2,3,3,3,2,2,3,3,5,2,4,4,4,1,1,3,3,2,1,3,2,4,3,3,4,3,4,4,4,1,2,2,4,2,2,3,5,1,1,3,4,3,5,2,4,3,4,4,1,3,3,2,3,18,"Male","Asian","Freshman",3,2
1027,2,2,1,2,2,2,1,1,2,2,1,2,4,4,2,4,2,4,4,2,3,4,2,4,4,4,2,3,5,2,2,2,4,4,4,4,4,4,3,3,4,3,2,3,3,4,4,2,4,1,2,2,3,3,2,2,2,3,2,4,2,4,4,2,4,2,4,3,4,2,2,3,2,3,4,4,4,2,2,3,1,3,3,2,2,4,3,2,1,4,2,4,2,3,3,2,4,1,4,2,1,3,3,4,2,3,2,4,4,3,2,22,"Female","Asian/Vietnamese","Master's Student",4,2
1143,1,2,1,1,2,2,1,2,2,2,2,1,2,2,1,4,5,4,2,2,5,5,4,4,5,2,2,4,5,2,5,1,4,4,4,5,4,5,4,5,4,5,1,5,5,4,4,2,5,2,4,1,5,5,1,1,4,4,2,4,2,5,2,4,4,1,4,5,5,4,3,4,2,2,4,5,5,1,2,2,4,1,5,1,4,2,2,1,2,5,1,5,1,5,4,2,4,4,4,2,1,5,4,4,4,4,5,4,5,5,5,18,"Male","Asian-American","Freshman",4,2
1129,1,2,1,2,2,2,1,2,2,2,1,2,2,4,3,4,2,4,2,2,4,4,4,4,3,3,2,1,4,2,4,2,4,4,2,4,3,4,2,4,3,2,2,4,4,4,4,2,4,2,4,2,4,4,4,3,4,4,4,4,3,4,2,2,2,2,4,4,4,2,4,2,2,2,4,3,4,1,2,3,3,2,4,2,4,4,2,1,2,4,2,3,2,4,4,3,2,2,4,2,2,3,4,4,4,3,4,4,4,4,3,18,"Male","Asian","Freshman",3,2
1128,1,1,1,2,2,1,1,1,1,1,1,4,1,4,5,5,2,3,1,4,4,4,5,4,2,1,2,2,4,5,4,5,5,4,1,4,4,5,4,1,4,1,1,2,2,4,4,1,3,4,4,5,5,2,4,2,4,4,2,2,5,5,1,4,2,4,4,5,4,4,2,4,1,3,1,4,4,3,2,5,1,4,5,3,5,5,2,1,2,2,2,4,1,4,5,2,4,3,4,3,4,3,5,5,5,4,4,2,4,2,4,18,"Female","Asian and White","freshman",3,2
1179,2,2,2,2,1,2,2,1,2,2,1,2,1,2,4,2,4,2,4,4,4,5,5,5,2,2,4,3,4,5,5,3,5,2,2,5,4,4,4,1,4,3,3,3,3,4,4,2,3,5,5,4,5,3,3,2,5,5,1,2,1,5,2,4,3,2,3,5,5,4,3,2,3,2,2,4,5,1,2,5,5,3,4,2,5,4,NA,1,2,3,1,3,1,4,3,2,4,2,4,4,2,4,5,5,5,2,4,2,4,2,5,19,"A cisgender woman","African American, Black, Liberian American","2nd year",1,2
1142,1,1,1,2,2,2,1,1,2,2,2,3,2,3,5,4,2,3,4,3,5,5,4,4,2,3,1,2,5,2,5,4,4,5,3,4,2,5,2,2,4,4,2,5,3,3,3,2,4,4,4,4,4,2,4,2,2,5,2,4,3,5,2,4,3,4,2,5,4,4,1,4,2,2,2,4,3,2,2,3,5,2,4,2,4,3,2,1,3,3,1,5,1,4,4,4,3,1,4,3,1,2,4,4,4,4,4,4,4,3,5,18,"Female","Filipino. I am half white, half filipino, but I relate more to my filipino side","freshman",4,2
1103,1,2,1,2,2,2,1,2,2,2,2,4,1,4,4,4,1,4,2,4,5,2,4,2,2,2,4,2,4,2,5,4,5,2,2,4,2,4,4,3,4,2,1,3,4,4,4,2,5,4,5,4,4,4,4,2,4,3,2,4,2,4,1,2,2,2,4,4,4,4,1,2,1,4,2,4,4,2,2,4,4,2,4,2,4,4,4,1,1,3,2,4,1,4,4,2,2,2,4,2,2,2,4,5,5,4,2,3,4,2,4,18,"Woman","Asian / Chinese","First year",4,2
1180,2,2,1,2,2,2,1,2,2,2,2,4,2,5,5,4,1,3,4,4,5,2,2,2,1,3,1,1,3,4,5,5,4,2,2,5,2,3,4,3,5,1,2,1,2,2,2,1,5,4,4,4,3,5,5,3,4,4,2,1,3,3,2,1,1,2,3,2,4,4,4,1,1,4,1,2,3,1,2,3,5,2,4,1,5,4,3,1,1,4,4,2,1,2,5,2,2,4,2,4,4,1,4,4,5,4,2,2,4,3,5,18,"Woman","Hispanic/Latino (Costa Rican)","Freshman",2,2
1059,2,2,1,2,1,2,1,1,1,1,2,3,2,4,3,4,2,3,2,4,4,2,4,2,2,2,4,3,3,4,5,4,4,2,3,4,1,4,4,1,3,2,1,1,3,4,4,2,4,4,5,4,4,4,5,3,2,3,3,2,2,2,2,2,3,2,4,4,4,4,2,1,2,3,2,2,2,1,4,4,2,4,2,4,3,4,4,1,3,3,2,2,3,3,4,2,2,3,4,4,3,1,5,2,3,4,2,2,4,3,4,18,"male","asian","freshman",4,1
1114,1,1,1,2,2,2,1,2,2,2,1,2,2,3,5,3,2,3,4,2,5,4,5,5,3,2,4,2,3,5,5,4,4,5,3,3,3,5,2,3,4,2,2,4,4,3,4,2,2,4,4,2,5,3,4,2,4,4,4,4,3,4,2,3,2,3,3,3,2,3,2,2,2,2,2,3,4,2,4,4,2,4,4,2,5,2,4,3,4,4,2,2,2,4,5,4,2,4,3,2,2,4,4,4,5,3,3,3,2,3,4,18,"Male ","Irish, Mexican, and German ","Freshman",4,2
1108,1,2,1,2,2,2,1,2,1,2,1,3,2,3,5,4,1,4,2,3,5,4,4,4,2,4,5,4,5,5,1,4,3,4,2,4,1,4,4,5,2,3,2,2,4,5,4,3,2,3,4,4,4,4,3,3,3,2,2,2,5,5,2,3,3,5,1,3,2,3,2,2,2,4,4,1,4,2,1,5,4,2,5,4,5,5,5,3,2,4,3,4,2,4,5,1,1,3,3,3,4,5,3,2,5,4,3,4,4,3,3,18,"male","Asian","first year",1,2
1036,1,2,1,1,2,2,1,2,2,2,1,2,4,4,1,4,2,5,2,4,5,4,4,4,4,2,4,1,4,3,4,4,1,2,5,5,2,5,4,2,4,4,4,3,5,4,5,2,5,4,5,3,4,4,1,2,4,5,5,4,2,4,3,2,4,1,4,4,5,4,2,3,4,5,5,4,4,1,4,4,5,1,3,4,2,4,3,2,1,5,2,4,3,5,2,2,1,4,3,3,1,4,4,2,3,4,2,3,5,3,3,18,"male","hispanic","freshman",2,2
1127,1,1,1,2,2,1,2,1,1,2,1,4,2,3,2,3,4,3,3,3,5,4,3,2,3,4,2,2,3,3,3,2,4,3,3,2,3,4,2,5,3,2,3,4,4,4,2,1,2,3,4,3,4,4,2,2,4,3,2,3,5,4,3,2,2,4,2,3,3,3,2,4,2,3,4,2,4,2,3,3,3,3,4,2,2,3,2,1,3,4,4,3,2,3,4,5,2,4,3,2,4,3,2,4,3,3,2,2,3,4,5,18,"Male","Asian (Vietnamese)","1st",2,2
1110,2,2,1,2,2,2,2,1,2,1,1,2,4,4,4,4,4,4,2,4,3,3,2,2,4,4,2,2,3,3,3,4,4,3,4,2,3,4,4,5,2,4,3,4,5,3,4,3,3,5,3,2,4,2,4,4,3,2,2,3,4,4,3,5,2,5,3,2,4,4,3,4,3,2,2,4,4,3,3,4,3,4,4,4,4,3,2,4,3,3,4,4,2,NA,4,2,4,4,3,3,4,3,4,4,4,3,3,3,2,2,3,18,"Male","Mixed-Asian/White","Freshman",4,2
1148,2,1,1,2,2,2,1,2,1,2,2,2,1,3,3,3,2,4,5,2,5,4,1,4,4,4,1,4,4,4,1,2,4,2,2,4,1,5,2,4,4,3,2,5,4,4,4,1,4,2,3,4,3,4,4,1,1,5,5,3,5,4,2,2,2,4,5,4,4,2,5,4,2,4,2,1,2,2,4,2,1,2,4,1,5,2,4,2,2,1,1,4,2,4,4,4,1,2,2,2,2,4,4,4,4,2,2,2,3,4,5,18,"Male","Hispanic","Freshman",4,2
1075,1,1,1,1,2,2,1,2,2,2,2,2,1,5,3,3,3,4,3,3,3,5,4,5,3,3,2,1,3,3,5,4,5,4,4,4,3,5,2,2,5,3,1,4,4,2,3,2,2,3,5,3,5,5,3,2,2,4,3,4,3,5,1,1,4,4,4,4,4,4,2,2,1,2,1,2,3,1,3,3,3,3,5,1,4,2,2,1,4,4,5,4,1,4,5,4,3,3,4,2,5,4,4,3,5,3,4,4,4,4,4,18,"Female","Hispanic  ","Freshman",2,2
1055,1,2,1,2,2,2,2,2,2,1,1,3,2,5,4,3,4,5,4,2,4,4,4,4,2,4,2,2,4,3,4,2,5,2,2,3,4,4,2,3,2,4,2,4,1,3,2,2,4,2,3,2,5,4,3,4,4,3,4,3,4,5,2,2,3,3,2,2,4,2,2,4,1,3,3,2,4,1,3,4,4,2,4,2,5,3,2,2,1,3,4,3,2,3,4,3,4,2,4,3,3,4,5,4,4,2,4,4,4,3,3,19,"Female","Asian/Vietnamese","Freshman in college",1,2
1045,1,2,1,1,2,2,1,2,1,2,2,2,2,5,5,3,3,4,2,4,5,5,4,3,2,4,2,2,5,5,3,4,4,4,2,3,3,5,4,2,4,3,4,3,2,3,3,2,4,4,4,4,4,5,5,3,3,3,2,3,4,5,2,3,2,5,4,4,5,4,1,5,1,4,1,3,2,3,2,4,3,4,5,2,5,3,2,1,3,2,3,3,2,4,5,4,3,2,3,4,3,4,5,4,5,3,5,5,5,1,5,18,"Female","Asian","Freshman",3,2
1032,2,1,1,2,2,1,1,2,2,1,2,2,2,3,4,3,2,5,3,4,4,4,5,4,2,4,3,4,3,4,4,4,4,4,3,4,2,5,3,2,4,2,2,3,3,1,3,2,4,4,5,2,4,4,3,1,2,2,2,2,5,3,2,3,2,5,4,3,3,5,2,3,2,2,1,4,4,1,4,4,4,1,3,2,4,2,3,1,2,3,3,3,2,3,4,5,3,1,3,2,2,3,4,4,5,3,3,4,2,2,5,18,"Female","African-American ","1st Year",2,2
1151,1,1,1,1,1,1,1,2,1,1,1,3,3,3,5,4,4,4,3,3,5,NA,3,4,3,5,2,2,3,4,3,3,4,5,3,3,4,3,3,3,4,3,4,3,3,2,3,2,2,3,4,1,4,3,5,3,3,3,2,3,5,5,3,3,2,5,3,4,4,4,3,5,2,3,1,2,3,3,3,4,5,2,4,2,4,3,2,3,4,4,3,2,1,3,5,4,3,3,4,3,3,4,4,5,4,4,4,3,3,3,3,18,"Female","Asian","Freshman",2,2
1115,1,2,1,2,2,2,1,2,2,2,2,2,3,3,2,4,4,4,3,3,4,4,3,4,4,3,2,4,4,4,3,5,2,4,4,4,4,3,2,4,4,4,4,4,4,3,4,2,3,2,3,2,4,2,4,3,4,2,4,4,5,4,3,2,3,4,4,2,4,3,4,4,3,3,4,3,4,4,2,4,2,2,4,3,4,4,2,3,2,3,2,4,2,4,3,2,3,3,3,3,2,4,2,4,4,3,4,4,2,3,4,17,"man","arab/middle eastern","freshman",4,2
1081,1,2,1,2,1,2,1,1,2,1,2,3,3,3,3,3,3,4,4,3,3,3,4,3,4,3,3,3,4,3,3,4,3,4,3,3,4,3,3,4,3,3,3,4,4,3,4,4,3,3,3,4,3,3,4,3,4,3,3,4,3,3,4,3,4,4,3,4,4,4,3,4,4,4,3,3,4,3,4,4,3,3,3,3,3,3,4,3,4,3,3,3,4,3,3,4,3,3,3,3,3,4,4,3,3,3,4,3,3,3,3,18,"female","white","1st",2,1
1171,1,2,2,2,1,1,1,1,2,1,1,3,3,4,2,5,1,4,1,3,5,3,4,2,4,3,4,4,3,3,5,3,3,3,3,3,2,4,5,4,4,2,2,4,3,4,5,1,3,3,4,2,4,3,3,3,2,4,1,3,2,4,3,2,3,3,5,4,4,2,2,3,2,4,2,3,4,1,4,3,4,2,5,4,3,3,5,2,1,3,3,2,2,2,4,5,3,1,4,3,5,3,5,4,3,4,3,2,3,4,3,18,"female","asian","2021",2,2
1076,2,2,2,1,2,1,2,1,1,2,1,4,2,5,5,3,2,3,3,3,5,5,4,3,1,3,5,1,4,2,4,3,5,2,2,4,2,5,5,3,4,2,2,4,2,4,4,1,5,4,4,3,5,4,5,2,2,4,2,3,3,4,2,2,2,5,2,4,4,4,2,1,1,3,1,3,2,3,2,3,2,2,5,2,5,2,4,1,2,4,2,4,2,5,5,4,2,1,5,2,2,2,5,4,5,4,2,4,3,3,4,19,"Female","Asian","First Year",3,2
1133,1,2,1,2,2,2,1,2,1,2,2,1,3,4,4,4,4,3,4,4,4,4,4,4,2,2,2,3,2,5,4,4,2,4,2,4,3,4,2,2,3,4,2,3,2,4,3,2,1,4,5,1,4,2,3,2,5,5,4,2,2,5,2,4,2,2,3,3,4,4,2,2,2,4,2,4,5,3,3,4,5,2,4,2,5,4,1,3,4,1,1,5,2,4,5,2,4,4,2,4,2,2,4,5,4,4,4,3,4,2,3,18,"woman","Chinese","freshman",3,1
1087,1,1,1,2,2,2,2,2,2,2,1,3,3,3,3,3,3,3,3,3,3,3,3,3,3,3,3,3,3,3,3,3,5,3,3,3,3,3,3,3,3,3,3,3,3,3,3,3,3,3,3,3,3,3,3,3,3,3,3,3,3,3,3,3,3,3,3,3,3,3,3,3,3,3,3,3,3,3,3,3,3,3,3,3,3,3,3,3,3,3,3,3,3,3,3,3,3,3,3,3,3,3,3,3,3,3,3,3,3,3,3,18,"male","black","freshman",2,1
1170,2,1,1,1,1,1,1,1,1,1,1,3,3,4,3,3,5,5,4,3,5,5,4,3,2,3,3,4,3,4,5,4,4,3,2,4,4,4,3,3,4,4,3,3,3,4,4,3,2,3,5,4,4,5,4,2,4,3,3,5,3,5,3,2,2,4,3,4,4,2,4,4,3,4,5,2,4,2,3,3,4,2,5,4,4,4,2,2,3,4,5,4,2,4,4,3,4,2,4,3,4,4,4,4,4,4,3,2,4,4,5,19,"he/him","Hispanic/latino","first year student ",2,2
1018,2,2,1,2,2,2,2,2,1,2,2,3,2,4,2,4,2,4,2,3,3,3,4,4,3,2,3,3,4,3,2,4,3,4,4,3,4,2,4,3,4,3,2,2,3,4,4,3,2,3,1,4,4,3,3,1,2,4,2,3,2,4,3,2,3,3,4,3,4,3,2,2,3,3,3,3,3,2,2,3,3,3,4,3,4,3,3,2,2,3,3,3,3,4,2,3,2,2,3,2,3,2,3,4,2,3,3,3,4,4,3,20,"Male","African American/Somali","3",1,1
1086,2,2,1,2,2,1,1,2,1,2,2,4,2,4,4,3,2,4,4,4,5,3,4,4,2,3,3,4,3,3,4,4,4,3,2,2,3,2,4,2,4,2,2,4,4,2,4,2,4,3,4,4,4,3,4,2,2,3,2,3,3,3,2,3,2,3,3,4,4,3,4,2,3,4,2,3,3,4,3,2,4,2,4,3,4,3,3,2,2,3,3,3,2,4,2,2,3,4,4,4,3,4,4,4,4,3,4,4,3,3,4,20,"Male","Asian","Junior",3,1
1079,1,2,1,2,2,1,2,2,2,1,2,3,2,4,4,4,4,4,2,3,5,4,4,3,4,3,2,3,4,4,4,3,5,4,3,3,3,5,4,2,4,3,2,3,3,3,2,3,4,3,5,2,4,4,3,1,4,2,3,3,4,4,2,2,4,3,4,3,4,3,3,3,2,3,2,4,4,3,2,3,4,1,4,3,5,3,2,1,2,3,2,3,1,4,4,2,4,2,4,2,2,4,4,4,5,3,4,3,4,2,4,19,"female","Vietnamese","freshman",2,2
1011,2,1,1,2,2,2,1,2,2,2,1,4,2,3,4,4,2,3,2,4,5,2,5,3,2,2,4,4,3,2,4,4,5,3,2,4,4,4,3,2,4,2,1,2,3,4,4,2,4,4,4,4,5,4,4,2,2,4,4,2,2,4,1,2,1,2,4,4,4,4,2,2,1,3,2,4,2,2,4,4,4,4,4,3,5,4,4,1,3,2,2,4,2,4,5,3,2,1,2,4,3,2,4,4,4,3,2,4,4,2,5,21,"female","korean and white (norwegian)","rising Senior (will be fourth year in fall)",4,2
1024,2,1,1,2,2,2,2,1,2,2,2,3,3,5,5,4,2,3,2,5,5,2,5,2,1,3,4,2,3,5,4,5,4,2,2,4,2,4,3,2,5,2,2,2,2,5,4,2,4,5,4,3,3,5,5,3,2,5,1,2,2,3,2,2,2,4,3,4,3,5,3,2,3,3,2,2,1,1,2,3,5,4,5,5,5,3,4,1,2,4,3,2,2,1,5,4,2,2,4,5,2,2,4,3,5,4,2,2,4,2,3,29,"Female/Woman","Southeast Asian/Hmong","4th - Recent grad",1,2
1130,2,2,1,1,2,1,1,1,2,1,2,4,2,4,5,5,1,3,4,4,4,4,4,3,1,4,4,3,4,4,3,4,5,5,2,4,1,4,4,4,5,3,1,4,1,4,5,1,4,4,4,2,5,4,5,1,2,2,3,3,3,4,3,2,2,4,5,5,5,5,3,4,2,4,1,5,2,1,2,3,5,2,5,4,5,4,4,1,2,4,1,4,1,3,4,3,2,2,4,3,1,2,4,4,5,4,2,3,4,4,3,18,"male","kenyan-american","freshman",4,2
1161,1,1,1,2,2,2,2,1,2,1,2,2,1,4,4,2,4,4,4,2,5,5,4,4,2,2,2,2,5,2,4,2,4,4,4,4,4,4,4,4,4,4,2,4,2,2,2,2,4,4,5,2,5,4,4,2,5,4,2,4,2,5,2,2,2,4,2,4,4,2,2,4,2,2,2,4,4,2,2,4,4,2,5,2,4,2,2,4,1,4,1,4,1,4,4,4,2,2,4,2,2,4,5,4,4,2,4,4,4,4,4,18,"Female","Caucasian/Hispanic","Freshman",3,2
1048,2,1,1,2,1,2,2,1,2,2,1,3,2,5,4,5,3,5,3,4,5,5,4,2,1,3,2,2,5,2,4,2,5,2,3,4,2,5,5,2,4,3,2,4,4,4,5,1,5,2,5,2,5,5,5,4,4,2,3,4,2,5,2,2,1,3,4,4,4,2,2,3,2,5,2,3,4,2,2,4,5,2,5,3,4,3,2,2,1,4,2,3,1,2,3,3,2,2,5,3,2,2,4,4,5,2,2,2,4,2,4,18,"Female","Filipino/American","Freshman (College)",3,2
1050,2,2,1,2,1,2,2,2,2,2,2,1,3,4,2,4,3,5,4,3,5,5,4,5,4,2,2,2,4,3,4,3,5,4,4,4,3,4,1,4,5,4,2,4,3,4,4,2,5,2,4,1,4,2,2,1,5,3,1,4,2,5,2,3,4,2,2,4,4,3,2,4,2,2,4,4,4,2,2,3,4,1,3,1,2,4,1,1,1,4,1,5,1,4,2,5,3,2,2,4,1,4,4,5,2,2,4,2,5,3,4,18,"female","Asian","freshman",4,2
1091,1,1,2,2,1,1,1,1,2,1,2,3,4,4,4,4,3,4,3,4,5,4,4,4,2,4,4,3,5,4,2,3,3,2,3,3,3,5,4,4,4,3,3,3,2,3,4,3,4,4,5,3,4,4,4,3,3,3,2,2,2,5,2,3,4,2,3,2,3,4,4,2,3,3,2,2,3,2,2,4,2,3,3,2,4,3,2,2,2,3,4,3,3,4,4,4,3,3,3,4,4,4,4,4,4,3,2,4,2,2,3,18,"female","Asian American/Karen","Freshmen",1,1
1187,1,2,1,2,2,2,1,2,2,2,2,3,3,3,4,3,2,3,1,4,4,2,4,2,2,4,2,3,3,5,5,5,5,4,1,4,4,2,3,2,5,4,2,4,4,5,2,3,2,5,5,5,5,3,5,2,3,3,2,2,2,4,2,2,2,4,5,3,2,3,3,1,1,2,1,2,4,4,5,4,5,4,5,5,5,2,2,2,3,3,2,2,2,3,5,5,4,3,3,4,3,1,5,3,5,5,4,5,5,2,4,18,"Male","Asian","Freshman",4,2
1156,1,1,1,1,1,2,1,2,1,2,1,3,2,4,4,4,2,4,2,3,4,3,4,2,4,2,4,2,4,2,4,4,4,4,2,3,4,4,4,2,4,4,2,4,4,4,3,2,4,2,4,4,4,4,3,2,2,4,4,4,2,4,2,2,2,2,4,4,4,4,2,2,2,4,4,4,2,2,4,4,4,2,4,2,4,4,2,2,2,2,2,4,2,2,4,4,4,2,4,3,2,4,4,4,4,4,2,4,4,4,4,18,"female","asian","freshman",3,2
1085,1,2,1,2,2,2,1,2,2,2,2,5,4,4,4,4,1,4,2,3,5,2,4,3,1,4,5,2,4,4,2,4,2,3,1,4,4,4,5,2,3,1,3,3,4,4,5,2,4,3,2,5,4,5,5,2,2,4,2,3,3,1,2,2,1,4,5,4,3,4,4,2,1,3,2,3,1,3,2,3,2,5,3,2,4,4,5,2,2,3,3,3,3,4,5,2,1,3,4,3,4,2,4,4,4,4,1,4,3,2,4,18,"Male","Mixed","Freshman",3,2
1193,1,2,1,1,2,2,1,2,2,1,1,4,2,4,2,4,2,5,2,4,5,2,3,2,4,2,4,2,4,4,3,4,4,2,3,4,2,4,5,2,4,2,2,2,4,4,4,2,5,2,4,3,4,5,2,4,2,4,1,3,4,4,1,1,4,2,4,3,4,4,3,2,2,4,2,4,2,1,3,4,2,2,4,3,4,4,3,2,1,2,4,3,3,4,4,2,3,1,5,2,4,3,4,3,4,4,2,4,5,4,3,18,"Female ","Chinese","Freshman",4,2
1017,2,1,1,1,2,2,1,2,2,2,2,4,2,4,4,4,2,4,1,3,5,3,4,4,3,2,4,3,4,4,4,4,4,4,3,4,2,4,2,2,4,3,1,2,3,3,3,2,4,4,4,4,4,4,3,2,2,4,2,3,2,4,2,3,3,3,4,3,3,4,2,3,3,4,2,4,3,3,3,4,4,3,3,2,3,4,4,2,3,3,4,3,1,4,3,2,2,2,3,3,2,2,4,4,4,3,2,2,4,2,4,21,"male","Asian","Senior",3,1
1063,1,1,1,2,2,2,1,1,2,2,1,2,4,3,3,3,1,3,2,2,4,2,4,4,4,3,4,2,3,2,4,4,3,4,2,3,2,4,5,5,3,1,2,2,5,3,4,1,2,2,4,2,4,4,4,3,1,4,2,4,2,2,3,2,4,2,5,5,4,2,2,2,3,3,4,2,1,2,3,2,4,3,3,2,3,3,3,1,3,4,3,2,2,2,2,3,2,1,3,2,1,2,4,3,3,3,1,2,3,4,4,18,"Woman","Asian","1st year",3,2
1083,1,1,2,2,2,2,2,2,2,2,1,2,2,4,3,4,2,4,1,3,5,4,4,2,2,3,2,1,5,3,4,4,4,2,4,2,3,4,4,3,4,3,1,2,2,4,2,1,3,2,4,2,4,4,4,2,4,1,4,3,1,5,2,2,2,2,2,5,4,4,2,3,1,4,2,4,4,1,2,3,4,1,4,2,4,4,2,2,2,3,2,4,1,3,4,3,3,2,4,2,2,3,5,3,4,4,4,2,4,3,5,18,"Female","Asian","Freshman",3,1
1025,1,2,1,1,2,2,1,2,2,2,2,3,2,4,2,4,2,4,2,4,5,4,5,2,4,3,3,2,4,4,4,3,5,4,4,4,2,4,4,3,4,2,1,2,2,4,3,3,2,3,4,3,5,4,4,4,4,4,2,3,3,4,2,2,1,2,3,4,4,4,1,3,2,4,1,3,4,1,2,4,4,2,4,2,5,3,3,1,2,4,2,4,2,4,4,2,2,2,4,4,4,2,4,4,5,4,4,3,4,4,5,30,"Female","asian american","senior",4,2
1092,1,1,2,2,1,1,2,1,2,2,2,4,3,4,2,4,3,3,4,3,5,4,4,4,4,4,3,1,2,3,4,5,4,3,4,4,3,4,2,3,3,3,3,4,4,4,3,2,4,3,4,2,4,4,3,3,3,4,4,3,3,5,3,3,3,4,3,3,4,3,3,3,3,3,3,2,3,3,4,4,4,3,4,3,3,4,3,2,3,3,3,4,4,3,3,4,3,2,4,4,3,2,4,3,4,3,3,2,4,3,5,18,"Male","Southeast Asian/Vietnamese","2021",1,1
1044,2,2,1,1,2,1,1,2,2,2,1,2,3,3,1,3,2,5,2,2,5,4,5,4,4,3,4,2,4,1,4,4,4,3,4,2,1,4,4,3,4,3,1,1,4,3,4,1,4,2,5,2,5,4,2,2,5,5,2,5,1,4,2,2,3,3,4,4,3,2,3,2,1,3,4,4,4,1,2,1,4,1,4,2,4,4,3,1,2,4,2,5,1,4,2,2,1,1,5,1,2,4,5,2,4,3,2,1,2,4,5,17,"Female","Half-Chinese, Half white","Freshman",3,2
1073,2,2,1,2,2,2,2,2,2,2,2,3,2,3,2,3,4,3,3,3,4,3,4,5,3,2,2,3,4,3,4,4,3,4,4,4,2,2,2,3,4,2,4,3,4,4,3,2,3,3,4,4,4,2,2,2,3,3,3,3,4,3,2,4,3,5,4,3,3,3,2,4,3,2,3,2,2,2,2,3,4,4,3,2,4,4,3,3,2,2,2,4,2,4,3,3,2,3,3,3,2,3,4,4,4,3,2,3,3,3,4,19,"male","middle eastern","sophomore",4,2
1106,1,2,1,2,2,2,1,2,2,2,2,2,2,5,2,5,2,5,1,5,5,4,4,3,5,1,4,3,5,4,2,4,4,2,4,3,2,4,5,3,5,2,2,4,5,5,5,1,4,3,5,4,4,4,1,1,3,4,2,3,5,4,2,3,4,2,5,4,4,4,3,2,2,4,3,4,4,3,2,3,3,1,4,4,3,4,4,1,2,5,1,4,2,2,4,2,2,4,4,4,1,1,4,4,5,5,2,4,5,3,5,18,"Male","Mixed: White/Asian","Freshman",4,2
1104,2,2,1,2,2,2,1,2,2,1,1,3,2,4,4,3,1,5,3,3,4,4,4,3,3,2,4,1,5,2,4,4,4,3,3,4,2,5,4,2,3,3,2,3,3,3,4,1,4,3,3,4,5,3,4,3,2,5,4,3,3,4,1,2,3,2,4,4,4,3,3,2,2,3,2,4,2,1,4,3,3,2,4,2,4,3,4,1,2,4,3,3,2,3,4,2,2,2,4,2,4,3,4,3,3,4,2,2,4,5,4,18,"Female","Peruvian and Vietnamese","Freshman/ First year",3,2
1012,1,2,1,2,2,1,1,2,2,2,1,1,1,5,4,5,2,4,2,4,5,5,5,4,1,1,4,2,4,5,5,3,5,3,2,5,1,5,4,1,5,2,1,2,5,4,4,1,3,5,5,1,5,4,5,1,5,4,2,4,4,5,1,2,1,2,5,5,5,5,1,1,1,4,1,2,5,3,2,4,5,4,5,2,4,4,5,1,2,5,1,5,1,5,5,1,1,3,3,3,1,5,5,4,5,3,1,4,4,3,5,21,"female ","latino/hispanic","senior",3,2
1046,2,1,2,2,2,2,1,2,2,2,2,3,1,3,3,3,3,3,3,3,3,2,3,3,3,3,3,3,4,4,2,3,3,3,3,3,3,4,3,3,3,3,3,3,3,3,3,3,4,3,3,3,3,3,3,3,3,3,3,3,3,4,3,3,3,3,3,3,3,3,3,3,3,3,3,4,3,2,3,3,3,3,3,3,3,3,3,3,3,3,3,3,3,3,3,3,3,3,3,3,3,2,3,3,4,3,3,3,3,3,3,19,"female","black","freshman",2,2
1068,2,2,1,1,2,2,1,1,1,1,2,2,4,3,4,3,2,4,3,3,4,5,3,5,3,4,3,2,4,3,2,3,3,5,4,2,3,4,4,1,4,2,4,4,3,3,4,2,3,3,2,4,3,3,4,2,3,3,1,3,4,5,3,4,2,4,4,3,4,3,1,3,3,2,2,2,3,1,2,2,4,3,3,2,3,2,3,2,5,4,5,5,4,4,4,5,5,3,4,3,5,3,4,5,4,3,3,2,3,3,3,19,"Female","Black, East African","Freshman, First year",3,2
1145,2,1,1,2,1,2,1,2,2,1,1,4,4,4,4,4,4,4,4,3,4,4,4,4,4,4,4,4,4,4,4,4,4,4,4,4,4,4,4,4,4,4,4,4,4,4,4,4,4,4,4,4,4,4,4,4,4,4,4,4,4,4,4,4,4,4,4,4,4,4,3,4,3,4,4,4,4,4,4,4,4,4,4,4,4,4,4,4,4,4,4,4,4,4,4,4,4,4,5,4,4,4,4,4,4,4,4,4,4,4,4,18,"Male","Asian","Freshman ",4,2
1181,1,1,1,2,1,2,2,1,2,1,2,4,1,4,4,4,3,4,2,5,5,5,5,5,1,2,1,1,4,5,5,4,5,3,3,4,2,5,4,2,5,5,1,4,2,4,4,2,3,3,5,3,4,4,4,1,2,4,1,2,3,5,1,1,2,1,3,4,5,5,3,3,2,2,2,1,3,2,2,3,4,5,3,2,5,5,3,3,2,1,1,2,2,4,4,2,3,3,4,4,1,2,5,4,5,4,3,2,4,2,3,20,"Male","Hispanic/white","sophomore",3,2
1041,2,1,2,2,2,2,2,1,2,1,2,3,4,3,2,4,2,3,2,4,5,5,4,2,5,2,2,3,4,4,4,4,5,3,4,4,2,4,4,2,4,1,4,3,5,3,5,1,5,4,5,2,5,4,2,5,3,5,3,3,2,5,1,3,2,4,5,5,4,4,2,2,2,3,2,3,2,2,3,3,5,4,4,2,4,4,3,1,2,2,3,4,2,3,4,4,3,5,4,3,2,4,5,4,3,4,2,5,4,2,4,18,"Female","Asian and White","Freshman",3,2
1037,1,2,1,2,2,2,1,2,2,1,2,2,3,4,2,4,3,4,3,3,4,5,5,1,3,3,2,2,5,3,4,2,4,2,3,4,3,4,4,4,3,3,2,3,4,4,4,2,5,2,4,2,4,3,2,4,3,4,3,3,5,4,3,2,2,3,4,4,4,3,2,2,2,4,4,2,3,1,4,3,3,2,4,4,4,3,3,1,2,4,4,4,1,4,3,3,3,2,3,3,3,4,4,3,3,3,3,3,5,3,3,26,"Female","Asian","Sophomore",1,1
1194,1,2,1,2,2,2,1,2,2,2,2,3,2,4,2,4,2,4,2,3,4,4,3,2,3,3,2,2,4,3,4,4,4,3,3,4,3,4,4,3,4,2,2,3,2,3,4,2,4,2,4,2,3,4,2,2,3,3,2,2,2,4,2,2,3,3,4,3,3,4,2,2,2,4,3,4,3,2,3,3,4,2,4,2,2,4,2,2,2,2,2,3,2,4,3,3,3,2,4,2,2,3,3,3,4,4,2,2,4,3,4,18,"female","asian american","1st year",4,2
1069,1,2,1,1,2,2,1,2,2,1,2,2,2,4,4,4,1,4,2,3,4,3,5,4,3,3,3,3,4,3,4,4,4,2,3,3,2,4,5,3,5,4,2,3,4,2,4,3,4,2,4,2,5,2,4,2,2,4,3,4,5,4,2,4,3,4,4,4,4,4,3,3,2,2,2,2,3,2,2,4,4,1,4,2,5,3,5,3,2,4,3,3,1,5,4,2,2,1,4,2,2,2,5,4,5,4,2,3,3,4,4,18,"Female","Hmong American","Freshman",3,2
1031,2,1,1,2,2,1,1,1,2,1,2,1,2,3,3,4,2,4,1,2,4,5,4,5,3,2,3,2,5,2,5,3,3,2,4,3,4,5,5,2,3,4,2,2,4,4,4,2,4,3,5,2,5,4,3,1,5,3,5,4,3,5,3,2,2,3,4,5,3,3,3,3,3,4,2,4,4,3,2,3,4,1,4,3,5,3,3,1,1,4,3,4,1,1,4,3,2,3,4,3,5,4,4,4,5,4,2,4,5,4,4,19,"woman","east asian, Tibetan","2021, freshman",3,2
1120,1,2,1,1,2,1,2,2,2,1,2,2,2,4,4,3,1,3,1,4,4,4,4,4,3,4,2,2,5,3,4,4,5,2,2,4,2,4,5,2,4,2,2,2,4,2,5,1,2,5,2,4,4,4,3,2,1,2,2,2,3,4,2,2,3,2,4,4,4,5,1,4,2,5,3,2,2,1,3,4,5,2,4,2,5,5,3,1,1,4,2,2,2,4,4,4,5,1,4,4,1,4,5,2,4,4,2,2,4,3,4,18,"Female","Asian","Freshman",3,2
1040,1,1,2,2,2,1,1,1,2,1,1,2,3,4,2,3,4,5,1,2,4,2,4,4,2,2,2,4,4,4,1,4,4,5,2,4,2,4,4,4,4,2,3,2,2,3,4,3,4,4,2,4,4,4,4,5,2,2,2,5,5,2,4,2,2,4,4,4,4,3,2,4,4,4,2,3,2,1,4,4,4,4,5,3,4,4,4,1,2,4,2,2,4,2,4,4,1,2,4,2,2,2,2,5,4,2,2,4,4,4,2,18,"male","asian american/ vietnamese","2025",2,2
1049,1,2,1,2,1,2,1,1,2,1,1,3,2,3,5,3,4,3,4,3,5,4,5,4,2,4,4,4,3,4,4,4,4,3,1,2,1,5,4,3,5,4,3,4,1,4,3,3,1,3,5,3,4,5,4,5,4,4,3,5,4,5,3,1,5,5,3,4,4,2,4,3,2,4,1,3,3,3,5,5,4,3,4,2,5,3,4,2,2,4,5,4,2,2,5,3,3,3,4,3,4,4,4,5,5,3,4,3,4,3,4,19,"Man","chinese","1st year",2,2
1157,2,2,1,1,2,1,1,1,2,2,1,3,3,4,2,3,3,4,4,3,4,3,4,3,4,3,4,2,4,3,4,2,4,4,4,2,2,4,4,4,4,3,2,3,4,2,4,2,4,3,4,3,4,3,4,2,4,4,2,4,2,4,4,4,3,4,3,3,4,2,4,3,3,2,3,4,4,2,4,3,4,2,4,3,4,4,4,2,2,4,4,4,2,4,4,3,2,2,4,3,3,4,4,4,4,4,3,3,4,4,4,19,"female","hmong","freshman",3,2
1005,2,1,2,1,1,2,2,1,1,1,1,4,4,5,3,3,2,5,1,4,4,4,2,4,4,2,4,2,4,3,3,5,4,2,3,2,2,4,5,4,2,1,2,3,5,2,5,1,3,1,4,3,2,4,2,2,3,4,1,4,2,4,2,3,3,4,3,4,4,3,5,2,3,3,2,2,4,2,3,2,3,2,3,3,4,4,2,1,2,4,2,3,3,4,4,3,3,2,4,3,4,3,3,5,3,4,3,4,4,4,4,19,"Male","Latino","Junior",2,1
1198,1,2,1,2,2,2,1,2,2,2,2,2,2,3,3,4,2,3,3,3,4,4,3,5,3,1,2,3,3,3,5,3,4,4,3,4,4,3,4,2,4,4,2,4,3,4,2,2,4,3,5,2,4,3,4,2,3,3,2,3,2,5,2,3,2,2,2,3,4,3,2,4,2,4,2,3,4,3,2,4,3,4,4,2,4,4,3,2,2,2,2,4,2,2,4,2,2,2,2,3,2,3,4,5,4,3,3,3,4,3,4,18,"Male","Asian","Freshman",3,2
1140,2,2,2,2,1,2,1,1,1,1,1,4,1,4,5,4,1,4,1,2,5,5,4,5,1,4,5,4,4,3,3,4,5,4,4,5,4,5,2,2,4,4,2,4,5,1,4,4,2,5,5,2,5,3,5,3,4,4,1,4,2,5,2,5,3,4,2,5,5,3,4,4,1,4,3,3,5,1,1,5,3,2,5,3,5,5,4,1,3,4,5,5,1,5,4,1,3,4,5,2,4,2,4,5,3,3,5,4,4,2,3,18,"Male","Chinese","Freshman ",2,1
1004,2,2,1,1,2,2,1,2,2,2,2,1,1,5,5,4,1,3,1,3,4,1,5,1,3,1,4,3,5,2,5,2,5,1,4,5,1,5,4,4,4,2,2,2,4,5,4,1,5,4,5,1,5,4,4,1,2,4,2,2,1,2,1,1,2,1,5,5,3,5,1,2,1,3,2,3,2,1,2,5,4,2,5,4,3,3,4,2,1,4,4,3,1,3,4,2,1,1,4,1,5,2,4,1,5,2,1,4,1,3,5,26,"Female","Hispanic/latino","Senior",2,2
1008,1,2,1,1,2,2,1,2,2,2,2,4,2,4,5,3,1,4,2,4,5,5,5,4,1,4,3,2,4,4,4,4,4,3,1,4,2,4,2,2,4,2,2,3,1,4,4,1,5,4,3,4,5,3,5,2,2,4,2,2,2,5,2,2,2,3,4,4,4,4,3,3,2,3,4,3,2,2,4,4,2,2,4,2,5,5,4,1,1,4,2,3,1,5,5,2,2,1,4,3,4,4,4,4,5,4,2,2,4,2,3,21,"Female","Indian/Caucasian","Senior",4,2
1152,1,2,1,2,2,2,1,2,2,2,2,3,2,4,3,2,2,3,5,3,5,4,2,4,4,2,3,2,4,4,4,4,3,4,4,2,2,4,3,2,5,2,3,3,3,5,4,2,4,4,5,3,4,2,3,1,3,4,3,3,4,4,3,3,3,2,4,4,5,3,3,2,2,3,2,4,2,3,2,4,5,3,3,3,4,3,3,2,2,3,1,5,2,4,4,3,2,2,4,4,1,2,3,4,4,5,2,3,5,2,4,30,"Male","Black/white Biracial","Junior",1,2
1023,2,2,1,2,2,2,1,2,2,2,1,1,2,4,2,4,4,4,2,3,5,5,4,4,4,4,2,2,4,4,4,2,4,4,4,4,4,4,5,2,4,4,2,4,2,4,2,3,5,4,5,2,4,4,2,2,5,3,2,4,4,5,2,2,2,4,2,4,4,4,2,4,2,4,2,4,5,4,2,4,2,2,4,1,4,4,4,4,1,2,1,4,2,5,2,2,3,4,4,4,1,4,4,4,4,2,4,4,4,4,4,20,"female","Asian; Tamil","Rising Junior",3,2
1118,2,2,1,2,2,2,1,1,2,2,2,4,1,4,3,4,2,5,4,4,1,4,3,1,2,2,3,4,4,4,1,4,4,2,2,4,1,5,5,3,3,2,2,4,4,2,4,2,5,2,4,2,4,5,2,3,2,4,2,3,5,5,1,2,3,4,2,5,5,4,2,2,1,3,2,2,1,1,2,2,2,2,4,2,5,3,2,2,1,4,4,4,1,3,4,2,2,2,4,3,4,4,4,4,5,4,2,4,5,3,2,18,"Female","Asian/Vietnamese","First Year Undergrad",4,2
1034,2,2,1,1,2,2,1,2,2,2,1,2,3,3,2,2,2,4,2,2,3,3,3,3,3,3,4,2,3,2,4,4,3,3,3,2,2,4,3,4,3,3,3,3,4,3,4,2,4,2,3,3,3,3,2,1,2,4,3,4,4,3,3,3,4,3,4,4,3,2,4,3,3,3,4,1,2,1,3,3,2,4,3,3,2,3,4,1,3,4,3,4,3,4,3,4,2,2,4,2,2,3,4,4,2,4,2,2,4,4,3,21,"Male","Asian","Freshman",2,2
1058,2,1,1,2,2,1,1,2,2,2,1,1,2,4,2,3,2,5,2,3,4,4,4,2,3,2,2,2,3,2,5,4,5,4,4,5,2,5,4,3,4,4,2,4,4,4,4,1,4,2,5,2,5,4,3,3,4,4,1,4,4,4,2,2,2,4,4,4,4,3,1,4,2,4,4,2,4,1,2,3,4,4,4,1,4,4,2,1,2,2,2,2,2,4,5,3,4,2,2,2,2,2,5,4,4,2,1,2,3,4,2,19,"Female","Asian","Freshman",2,1
1178,2,1,1,2,1,2,2,1,1,1,1,5,3,3,5,2,3,4,4,3,4,5,2,4,4,4,3,3,3,2,3,4,3,3,3,3,3,3,5,5,3,4,3,4,3,3,5,4,2,4,5,3,3,5,4,3,4,3,4,4,3,5,4,4,4,5,4,5,5,4,3,3,2,5,4,3,3,3,5,2,5,2,5,4,4,4,4,3,3,3,4,4,5,3,2,4,4,2,4,5,3,3,3,4,4,5,3,4,2,5,3,18,"Female","Ethiopian","Freshman",2,1
1163,2,1,1,1,1,2,1,2,1,2,1,3,3,4,4,3,3,4,3,4,5,4,4,3,3,3,3,3,4,4,4,4,4,3,3,3,3,5,4,4,5,4,3,4,5,4,4,4,4,4,5,3,5,4,4,3,3,3,4,4,2,5,2,3,2,4,3,4,5,4,4,4,2,2,3,1,3,2,4,4,4,2,5,3,4,2,4,4,3,4,2,4,2,4,5,5,3,3,5,4,2,4,4,5,5,2,4,5,4,3,5,19,"female","hmong thai","first year",1,2
1188,2,2,1,2,2,2,1,2,2,2,2,4,2,4,4,5,1,5,3,5,5,1,4,2,4,2,4,2,4,5,5,5,4,2,3,5,2,2,4,2,4,2,3,2,3,5,4,2,4,4,5,4,5,5,3,1,1,4,4,1,4,3,2,2,4,1,5,5,2,5,2,1,2,4,2,4,2,1,4,5,5,5,4,4,4,4,4,1,2,1,2,1,1,3,4,1,2,4,4,4,1,2,4,2,5,4,1,3,3,1,4,18,"Female","Indian","Freshman",4,2
1150,1,1,1,1,2,2,1,2,2,2,2,2,3,4,4,3,2,4,2,4,4,4,4,4,4,4,2,3,4,4,4,4,2,4,3,3,4,4,4,2,3,4,3,4,4,3,4,2,4,3,3,2,4,2,2,4,4,4,2,2,4,4,3,3,3,4,2,3,4,3,3,4,2,3,2,3,4,2,2,3,3,2,4,2,3,4,2,2,2,4,3,2,2,3,3,3,3,2,3,3,2,4,4,3,3,3,3,3,4,2,4,18,"female","asian (bengali)","freshman",4,2
1177,1,2,1,1,2,2,1,2,2,2,1,4,2,5,5,5,1,5,4,3,5,2,4,3,2,1,5,5,3,5,4,5,5,1,4,5,1,5,2,1,5,1,2,2,5,5,5,3,2,5,5,4,5,5,5,2,3,3,5,3,2,2,3,2,2,2,5,2,4,5,4,2,2,4,2,3,3,3,5,5,4,5,5,5,5,5,5,4,5,5,1,1,2,4,5,2,2,5,3,4,2,2,5,4,5,5,1,2,2,3,5,18,"Male ","south asiain/indian","class of 2025",4,2
1030,1,2,1,1,2,2,1,2,2,1,1,4,4,4,4,2,2,4,2,3,4,4,4,3,3,3,4,4,3,2,3,3,3,4,3,3,4,4,4,3,4,2,2,4,4,4,3,4,3,2,3,2,3,2,3,3,3,3,3,3,3,2,2,3,2,3,2,2,3,4,4,4,3,4,3,3,2,2,2,3,3,4,4,2,3,2,4,2,4,3,2,4,3,4,4,3,3,4,4,2,2,2,3,2,4,2,4,3,3,2,2,18,"Male","Asian","1st",4,2
1122,2,2,2,1,2,1,2,1,1,1,1,4,3,4,3,4,2,3,2,4,4,4,4,2,4,2,2,3,4,3,3,3,4,2,2,4,3,4,5,2,5,3,2,3,3,3,4,1,4,3,4,2,4,3,1,2,3,4,2,2,2,5,3,2,2,3,3,2,5,5,4,2,2,3,2,3,4,2,1,4,4,2,3,2,4,4,2,1,2,3,5,4,2,3,5,4,4,3,4,4,5,5,4,2,4,4,2,3,5,3,4,18,"Female","Black","Freshman",2,1
1164,1,2,1,2,2,2,1,2,1,1,2,4,4,3,1,3,3,4,2,4,5,4,4,4,4,3,2,1,4,3,5,3,4,4,4,4,2,4,4,4,2,4,2,2,4,3,2,1,2,2,3,1,4,4,2,2,4,4,4,3,3,5,2,4,3,2,3,5,4,4,4,3,2,2,4,4,4,1,1,1,4,2,3,2,3,3,2,1,2,4,5,4,3,4,3,4,2,1,3,3,5,4,4,5,3,3,2,2,4,4,3,18,"Female","Afghan","Freshman",1,1
1097,2,1,2,2,2,2,1,1,2,2,1,3,3,3,3,3,3,3,3,3,3,3,3,3,3,3,3,3,3,3,3,3,3,3,3,3,3,3,3,3,3,3,3,3,3,3,3,3,3,3,3,3,3,3,3,3,3,3,3,3,3,3,3,3,3,3,3,3,3,3,3,3,3,3,3,3,3,3,3,3,3,3,3,3,3,3,3,3,3,3,3,3,3,3,3,3,3,3,3,3,3,3,3,3,3,3,3,3,3,3,3,19,"female","South Asian","freshman",3,2
1186,2,1,1,1,2,1,1,1,1,2,1,3,4,3,4,3,4,4,4,4,3,3,4,3,2,3,3,3,3,2,3,4,3,4,3,4,4,4,3,4,3,3,4,3,3,3,3,4,3,2,4,2,4,4,3,3,2,4,3,4,3,4,2,3,4,4,4,2,3,3,2,4,3,3,4,3,4,3,4,4,3,2,4,4,4,2,4,4,4,4,3,3,4,4,3,4,3,3,3,3,3,3,3,4,3,3,4,4,3,3,4,18,"Male","Bengali","first year",3,2
1039,2,1,2,1,1,2,1,2,1,1,1,2,1,4,4,4,1,5,1,4,4,4,5,4,1,2,5,3,3,4,4,3,4,3,3,4,1,5,4,2,4,1,2,2,2,5,4,1,5,4,1,2,5,3,4,1,1,3,2,1,3,5,1,2,5,1,5,2,2,4,4,2,1,3,4,3,5,1,3,3,3,5,5,2,4,4,5,1,5,2,4,2,2,2,5,3,3,2,3,4,2,1,5,5,5,5,1,4,3,2,4,18,"Male","Prefer not to answer","Freshman (1st Year)",1,2
1002,2,2,1,2,1,2,1,2,2,2,2,5,4,4,1,3,1,3,4,4,5,5,1,5,4,4,4,1,4,1,4,1,2,4,5,3,2,5,4,4,4,1,2,4,5,4,5,1,5,2,4,5,1,4,3,2,1,4,1,3,4,4,3,2,2,4,4,5,3,4,2,4,4,4,2,4,1,2,2,3,3,1,1,1,5,2,3,1,1,4,1,3,5,4,2,2,1,1,4,4,1,4,4,4,4,3,2,4,4,5,2,20,"Male","Black/African American","Incoming Junior/Year 3",2,2
1029,1,1,1,1,1,2,2,2,2,1,1,4,4,4,4,4,3,4,5,4,4,5,4,4,4,4,3,4,5,4,4,4,4,4,4,2,4,5,4,3,3,4,4,5,4,4,4,4,4,4,4,2,4,4,4,4,4,4,4,4,5,5,3,4,3,5,4,5,4,4,4,4,2,4,2,3,3,3,4,4,4,2,4,3,4,4,2,4,2,4,4,4,1,4,4,4,4,4,3,4,4,4,4,5,5,4,5,4,5,4,4,18,"male","asian/indian","freshman",2,2
1095,2,2,1,1,2,1,1,2,2,2,2,1,2,3,4,3,4,4,4,4,5,5,3,5,2,4,2,4,4,4,4,2,4,4,2,4,4,2,3,4,4,5,2,5,2,4,3,3,2,1,5,2,4,2,5,3,4,3,1,3,4,4,2,3,1,4,1,3,3,2,1,5,3,1,1,5,4,3,3,3,4,2,5,2,4,3,2,3,3,2,2,5,2,5,5,3,5,3,4,5,1,4,4,5,4,2,4,4,3,2,4,18,"Male","","Freshman",3,1
1001,1,2,2,2,2,2,1,1,1,2,2,4,2,4,4,4,2,4,3,5,3,4,4,2,4,2,4,4,4,5,2,4,4,2,2,4,2,3,4,2,4,2,4,2,2,3,4,2,4,2,4,2,4,5,4,3,3,2,4,2,4,4,4,4,3,4,4,2,4,4,2,2,2,5,2,3,2,2,3,4,2,5,4,4,1,4,4,3,2,1,4,4,4,3,5,3,2,4,4,4,4,2,4,3,5,2,2,4,4,2,3,21,"Male","Asian","Senior",2,2
1067,2,2,1,2,2,2,1,2,1,2,1,2,3,4,5,5,4,4,3,4,5,4,5,3,2,3,2,2,5,4,5,2,5,3,4,3,4,5,4,2,4,4,2,4,3,4,2,4,5,5,5,2,5,5,5,2,3,4,2,2,1,4,2,2,2,2,2,3,5,4,1,3,1,5,2,3,4,3,2,5,5,2,4,2,4,4,2,4,1,2,2,4,1,3,2,2,4,4,5,5,1,2,4,5,4,4,4,4,5,2,4,17,"female (she/her/hers)","cambodian","freshman",2,1
1125,2,1,1,1,1,2,2,2,2,1,2,1,2,4,4,3,4,4,2,4,5,2,5,2,2,2,2,2,4,5,4,2,5,4,2,4,2,5,4,2,5,2,2,4,2,4,4,1,4,4,4,1,4,4,5,2,5,2,2,2,4,5,2,4,2,1,2,3,5,5,2,4,2,5,2,4,5,1,2,4,5,2,4,2,4,4,2,2,1,4,2,4,1,4,5,4,4,3,4,4,2,2,4,4,5,4,4,4,5,1,5,19,"Female","Asian","First year",3,2
1053,2,1,1,2,2,1,1,1,2,1,1,2,1,4,5,5,4,5,1,5,5,1,5,1,5,2,2,2,5,5,1,5,5,1,1,4,1,5,5,2,5,2,1,1,4,4,4,1,5,5,2,2,5,5,5,2,3,5,5,1,2,2,1,1,1,2,2,3,3,4,1,2,5,5,1,1,2,4,1,5,1,4,5,5,5,5,4,1,1,4,2,2,2,4,5,2,2,2,5,5,2,1,5,1,5,5,4,5,4,2,5,19,"female","indian","first year",4,2
1021,2,2,1,2,2,2,1,2,2,2,2,2,2,3,2,3,3,3,4,3,4,4,4,3,4,3,3,2,4,4,4,4,4,2,3,3,3,4,3,4,3,2,2,3,4,3,4,2,4,3,3,4,4,4,2,2,2,4,2,3,3,4,2,3,3,2,4,4,4,4,2,3,2,3,2,4,3,2,2,3,4,2,4,2,4,4,4,2,4,3,2,4,2,4,4,3,2,3,3,2,2,3,4,3,4,3,3,4,4,2,4,22,"Female","Black and African","Graduated",3,1
1072,2,2,1,1,2,1,1,1,1,1,1,2,2,4,4,4,2,3,4,3,2,4,5,2,4,2,4,3,4,4,4,3,4,3,4,5,2,4,4,2,3,2,2,4,4,4,5,2,3,2,5,2,4,4,4,2,2,4,3,4,2,4,4,2,3,4,4,4,3,4,4,4,2,4,2,2,3,2,5,4,2,3,4,3,4,4,4,2,2,2,4,4,2,2,4,4,2,4,3,3,4,4,5,2,4,5,2,3,3,4,4,23,"female","hispanic","junior",3,1
1006,2,2,1,1,2,2,1,1,2,2,1,3,3,3,2,3,4,3,3,3,3,3,3,3,3,3,3,3,3,3,3,3,3,3,3,3,3,3,3,3,3,3,3,3,3,3,3,3,3,3,3,3,3,3,3,3,3,3,3,3,3,3,3,3,3,3,3,3,3,3,3,3,3,3,3,3,3,3,3,3,3,3,3,3,3,3,3,3,3,4,3,4,3,3,3,3,3,3,3,3,3,3,3,4,3,3,3,3,3,3,3,19,"male","asian","senior",3,1
1101,1,1,1,2,2,1,2,1,2,2,2,3,1,3,5,3,3,3,3,4,4,4,5,3,2,3,3,1,4,5,3,3,5,2,2,5,5,5,3,5,4,3,1,3,2,4,5,1,4,5,4,2,5,4,5,4,3,4,2,4,4,5,1,3,3,3,4,4,5,4,3,3,1,4,2,3,4,1,3,4,3,2,4,3,5,3,4,4,3,4,4,2,1,3,5,4,3,2,5,5,4,4,5,4,5,4,4,3,4,2,5,18,"female","Asian ","freshman",5,1
1137,1,2,1,2,1,2,1,1,2,1,2,4,2,5,4,5,2,4,2,4,4,2,4,4,2,2,2,3,4,4,3,4,4,4,2,5,2,4,4,2,4,2,2,2,4,4,5,1,4,4,4,2,4,4,4,2,2,2,2,2,4,2,2,2,1,2,4,4,4,4,4,2,2,4,2,4,2,1,4,4,4,2,4,3,4,4,4,1,2,2,2,2,2,2,4,2,2,4,4,2,4,2,4,2,4,4,2,4,4,4,4,19,"Male","Asian","1st year, Freshman",4,1
1035,2,1,1,1,2,1,1,1,2,2,1,4,1,4,3,3,4,4,1,5,5,5,5,5,5,3,2,3,3,5,5,4,5,4,5,2,4,5,5,2,5,5,1,5,4,5,3,1,2,5,5,2,5,5,4,2,5,5,1,1,1,5,3,4,2,1,4,4,5,5,3,3,1,2,1,4,5,1,3,3,5,2,5,1,5,4,1,1,5,5,4,2,1,5,4,5,5,1,4,5,4,1,5,2,4,3,5,1,4,2,5,18,"Women (She/her)","Half korean, half white ","1st",4,2
1138,1,2,1,2,2,2,1,2,2,2,2,4,3,4,4,4,2,4,2,3,4,2,4,2,3,2,4,2,4,4,3,4,4,2,3,4,2,2,5,3,4,2,3,3,3,4,4,2,5,3,4,4,5,4,4,3,2,5,2,3,2,2,1,2,3,2,4,4,4,4,2,2,2,4,2,4,2,1,2,4,3,3,4,3,4,4,4,2,2,3,3,2,2,3,4,2,2,2,4,4,3,2,4,2,4,4,2,2,4,3,4,18,"Female","Asian","Freshman",3,2
1105,1,1,1,1,2,2,1,2,2,2,1,4,3,2,3,4,2,5,2,2,3,3,4,2,2,4,3,3,4,3,4,4,4,2,3,3,2,3,2,4,4,2,2,2,2,3,3,2,2,2,4,4,4,2,4,3,3,1,2,2,4,3,3,4,2,4,4,4,4,3,2,2,2,4,3,3,2,1,2,2,4,4,3,3,4,2,4,2,2,2,2,2,2,4,3,3,2,1,3,2,2,2,4,2,3,3,2,2,4,4,4,18,"Male","Taiwanese","Freshman",3,2
1070,1,2,1,2,2,1,2,1,1,1,1,2,4,4,4,4,2,4,2,3,3,2,4,2,3,2,4,1,4,4,4,4,4,2,2,4,2,5,4,3,4,2,2,2,4,3,4,1,4,3,2,3,5,4,4,2,2,4,2,2,4,4,2,2,2,4,4,4,5,4,4,4,2,4,5,2,3,1,2,4,4,2,4,2,5,4,2,2,1,2,4,4,2,2,4,2,2,2,2,4,4,2,5,2,5,4,2,4,4,3,3,18,"female","black/somali","first year",2,2
1189,1,1,1,1,2,1,2,2,2,1,2,2,2,4,2,3,3,4,2,2,5,4,4,4,4,3,2,4,4,3,4,2,4,3,3,3,3,5,4,4,2,3,1,2,4,3,4,2,5,1,4,1,1,4,2,3,3,4,2,4,4,4,2,2,4,1,4,4,2,2,1,2,2,4,3,4,3,2,4,2,3,1,2,2,4,4,4,1,2,5,2,4,2,4,4,3,4,3,4,3,1,2,4,4,4,4,4,3,4,4,2,18,"Woman","Arab American","College freshman",3,1
1084,2,2,1,1,2,2,1,2,2,2,1,2,3,4,3,4,2,3,4,4,5,3,4,2,1,3,2,2,4,2,5,4,5,2,2,4,3,5,4,2,5,4,1,3,1,3,3,1,4,4,5,2,5,4,5,1,4,4,2,2,5,5,1,2,2,1,5,3,4,3,3,2,1,3,3,3,3,1,3,3,5,2,4,3,5,3,1,1,1,1,2,3,1,4,4,3,3,3,3,5,2,3,4,4,4,4,2,3,4,2,4,18,"Female ","White/Mexican","Freshamn",3,2
1082,2,2,1,1,2,2,1,2,2,2,2,4,4,2,2,2,2,4,4,2,5,5,2,2,2,4,4,2,4,2,4,4,2,4,4,2,2,5,4,4,5,4,4,4,4,2,2,2,2,2,4,4,2,2,5,5,2,4,2,4,1,5,4,2,4,4,2,4,5,2,4,4,4,1,4,3,4,2,1,2,4,1,2,2,4,1,2,1,2,4,4,4,2,2,5,4,2,1,4,2,2,4,4,4,4,2,4,4,4,4,5,18,"female","Chinese","freshman",3,2
1022,1,1,1,2,2,2,1,2,1,2,2,4,4,5,4,2,2,5,5,2,5,3,1,3,4,4,4,3,4,3,2,4,3,4,2,3,2,5,2,2,4,2,1,3,4,5,4,1,4,3,4,5,1,4,4,2,2,4,2,4,4,4,4,3,2,4,4,5,4,4,5,2,2,4,2,3,2,2,4,4,2,2,3,1,5,3,4,1,2,4,4,5,2,4,4,4,2,2,4,2,4,4,4,4,4,4,2,4,2,4,2,21,"Female","Hispanic, Mexican","4th year",2,2
1153,1,1,1,2,2,2,1,2,2,1,1,4,3,4,4,4,3,4,3,4,4,3,4,3,3,4,4,3,4,4,4,4,4,5,4,4,3,5,3,3,4,4,4,4,4,4,4,3,3,4,4,3,4,4,5,3,4,3,4,4,4,4,3,4,3,4,4,4,3,4,4,4,4,4,3,3,4,3,3,4,4,4,5,3,4,4,3,3,3,5,4,4,3,4,4,4,3,3,4,3,4,4,4,4,4,4,3,3,4,3,4,19,"Male","Asian","Freshmen",3,2
1078,2,1,1,2,1,2,2,1,2,1,1,3,2,4,4,2,2,4,3,2,5,5,4,3,2,3,2,4,4,3,1,4,4,4,4,2,5,4,3,4,4,5,1,4,1,3,3,3,4,2,4,2,4,4,4,2,4,4,2,4,2,5,2,2,3,4,2,4,3,2,3,4,1,3,2,3,4,2,4,1,4,2,4,2,5,2,2,1,2,4,2,5,2,4,4,4,4,1,3,3,5,5,4,4,5,2,4,3,4,5,4,18,"woman","Asian","freshy",3,2
1066,2,1,1,1,2,2,2,2,2,2,1,4,2,3,3,3,2,4,2,3,4,4,2,4,4,3,4,2,3,4,3,4,3,4,3,2,2,4,3,4,4,2,3,3,4,3,4,2,3,3,4,3,3,4,3,2,2,4,3,3,4,3,3,3,4,2,4,4,3,2,4,2,2,3,3,3,3,2,3,3,3,3,2,3,3,4,4,2,3,4,2,4,2,3,4,3,2,3,4,4,3,4,4,4,4,3,2,2,3,4,4,21,"Male","Asian","3rd year/Transfer",2,1
1003,1,2,1,2,2,2,1,2,2,2,2,1,1,2,2,3,5,2,2,2,5,5,4,5,5,5,1,1,5,5,5,1,4,5,5,2,5,5,5,5,3,4,2,4,5,2,3,2,2,2,3,1,5,3,4,3,5,3,1,5,5,5,1,3,2,1,3,3,5,2,3,5,2,3,4,5,5,2,1,2,2,1,5,1,4,4,1,1,2,2,1,5,1,5,3,5,5,3,2,3,1,5,4,5,3,3,5,3,5,5,4,20,"Female","Filipino","Junior",2,2
1028,2,2,1,1,2,1,1,2,2,1,1,3,4,5,3,4,3,4,2,4,5,4,5,4,3,1,4,1,5,5,5,4,5,3,4,4,2,5,4,3,4,2,1,4,4,5,4,1,4,2,5,2,5,5,4,1,3,5,3,3,4,4,2,1,1,1,4,3,5,4,1,3,1,4,2,4,2,1,2,5,5,5,5,1,5,5,3,1,2,3,4,3,1,3,5,2,1,2,5,4,4,2,5,4,5,4,1,1,4,3,5,18,"Female","Indian","freshman/first year",3,2
1197,2,1,1,2,2,1,1,2,1,2,2,1,4,2,4,1,2,2,4,4,5,5,3,4,3,3,4,5,1,1,2,5,4,4,1,4,5,3,4,5,5,3,1,1,2,2,4,4,5,1,4,3,1,4,4,5,5,5,3,3,2,4,5,1,3,4,1,2,5,4,5,3,5,3,3,4,2,3,2,3,2,2,5,4,3,1,3,1,4,4,2,4,2,2,4,3,4,2,1,1,1,5,1,5,4,1,2,1,2,1,5,22,"Male","Asian","3",1,1
1052,1,1,1,2,2,2,2,1,1,2,2,2,2,3,1,4,3,4,4,2,4,4,4,4,4,3,3,2,3,2,4,3,3,3,3,3,3,5,3,4,4,4,2,3,4,4,4,2,4,2,5,2,4,5,2,2,4,4,3,4,2,4,2,3,2,3,4,4,4,2,2,3,3,3,3,2,4,2,4,3,4,1,4,3,3,4,3,1,3,4,2,4,2,4,4,4,2,2,4,3,2,4,4,3,2,3,3,4,4,4,4,18,"Female","Asian/Vietnamese","First year",3,2
1020,1,1,2,2,2,2,2,2,2,1,1,3,4,4,4,3,2,5,3,3,4,3,2,4,2,4,2,3,3,4,2,4,3,5,4,4,2,5,3,3,3,4,5,4,4,3,3,3,3,3,5,5,2,3,4,4,3,2,4,4,4,3,2,5,5,4,3,3,4,3,2,4,4,2,4,2,5,2,5,2,3,3,4,2,5,3,2,3,2,5,3,4,2,5,4,4,4,2,3,2,4,4,4,4,5,3,3,4,2,3,3,21,"woman","chinese","junior",1,1
1136,1,1,1,2,2,2,1,1,2,1,1,4,2,5,3,5,5,4,2,5,5,4,5,2,4,1,1,1,4,5,5,4,5,2,4,3,2,5,4,2,5,1,1,2,5,4,4,1,5,5,5,1,4,5,2,1,2,5,2,2,1,5,2,1,3,3,5,5,5,5,4,2,1,4,1,5,2,3,3,5,4,3,5,2,5,5,1,1,2,3,2,5,2,2,5,2,5,1,3,5,2,4,5,3,5,5,4,4,5,5,5,18,"Female","Egyptian","Freshman",3,2
1047,2,1,1,2,2,2,2,2,2,2,2,1,1,3,4,3,2,2,3,4,4,4,5,4,3,3,2,2,4,5,5,3,5,3,4,3,4,4,2,4,5,4,1,3,4,3,3,2,3,5,5,1,5,4,3,2,4,3,4,3,2,5,1,2,2,2,5,4,4,4,2,2,1,4,3,3,4,2,4,4,5,1,5,1,4,4,2,1,3,3,1,5,1,4,3,3,4,4,4,3,1,5,5,5,5,4,4,4,5,2,5,18,"Woman","Multiracial","1st",2,2
1019,1,2,1,1,2,2,1,1,1,1,1,2,2,4,2,4,4,4,4,2,5,4,4,2,2,2,2,2,4,2,2,2,4,3,4,4,5,2,4,4,2,4,2,4,4,3,2,4,4,4,4,1,4,4,4,5,4,2,1,4,4,5,2,4,4,4,2,2,4,1,2,4,2,4,4,4,5,4,2,4,2,1,4,2,2,4,2,4,2,4,2,4,2,2,2,4,5,4,4,1,2,5,4,4,2,4,4,2,4,5,4,19,"Female","Asian","Junior",4,2
1013,2,2,1,2,1,1,1,2,2,1,2,2,2,5,3,4,3,3,4,3,4,4,5,2,4,3,3,1,3,3,3,2,4,4,4,3,3,4,1,3,4,4,3,4,4,3,2,2,4,4,4,1,5,3,4,2,4,3,2,3,1,4,2,2,2,3,3,3,3,4,3,4,2,3,1,3,4,2,4,3,4,3,4,1,4,5,2,2,4,4,2,4,1,4,4,3,4,3,2,3,1,3,4,4,4,4,3,3,4,3,4,19,"female","black","junior ",3,1
1149,2,1,1,2,2,2,2,2,2,1,1,3,2,5,4,4,1,4,2,4,5,3,4,1,2,3,2,3,4,5,3,4,3,3,3,4,2,4,4,2,5,2,2,2,5,3,4,1,4,3,5,1,4,4,4,4,4,3,1,3,5,4,2,3,3,4,4,2,4,5,3,2,2,4,4,3,5,2,2,5,4,2,5,2,4,4,2,2,2,4,3,3,2,2,5,2,3,3,3,2,3,3,4,4,4,4,3,4,4,2,5,19,"Female","African American/Black with Caribbean roots","Freshman",4,2
